id,type,issuer,maturity_date,indexer,rate,rate_text,min_application,rating,source_sheet,imported_at
5ab39eb9bba24903aa0f6c7c3f77e551,CDB,Banco ABC,2026-06-29,%CDI,0.9849999999999999,,5000.0,AAA,Crédito bancário,2026-01-05T21:26:58.385362+00:00
e5ba26e005554e37a89edd0bb2cccc4c,CDB,Banco ABC,2027-12-30,IPCA,0.0748,,5000.0,AAA,Crédito bancário,2026-01-05T21:26:58.385362+00:00
9e5cff9d32824b079e473304fd648c08,LCA,Banco ABC,2027-12-21,%CDI,0.88,,5000.0,AAA,Crédito bancário,2026-01-05T21:26:58.385362+00:00
7a04f0079e84459a9f4913501caa670d,LCA,Banco ABC,2026-09-28,PRE,0.1175,,5000.0,AAA,Crédito bancário,2026-01-05T21:26:58.385362+00:00
0024c384ddd9436db54be2fdc9b80f08,LCA,Banco ABC,2026-12-28,PRE,0.1151,,5000.0,AAA,Crédito bancário,2026-01-05T21:26:58.385362+00:00
6fe92bf0695a4ad3b565fe65d62ed225,LCA,Banco ABC,2027-12-21,PRE,0.1099,,5000.0,AAA,Crédito bancário,2026-01-05T21:26:58.385362+00:00
39ce991ebf9f42719de90b072baf2a11,LCA,Banco ABC,2028-12-14,PRE,0.1115,,5000.0,AAA,Crédito bancário,2026-01-05T21:26:58.385362+00:00
d4f4969d199c4a568965894f7187806a,LCA,Banco ABC,2026-12-30,IPCA,0.0691,,5000.0,AAA,Crédito bancário,2026-01-05T21:26:58.385362+00:00
e8bf452c1f3a4963b15e307ee9532a64,LCA,Banco ABC,2027-12-30,IPCA,0.06169999999999999,,5000.0,AAA,Crédito bancário,2026-01-05T21:26:58.385362+00:00
d1482d0a57ec4b0ea547b2fdf2a8dd8b,LCA,Banco ABC,2029-01-02,IPCA,0.059800000000000006,,5000.0,AAA,Crédito bancário,2026-01-05T21:26:58.385362+00:00
c64d3918b835487e97fd559dd8609c21,CDB,Banco ABC,2026-06-29,PRE,0.1398,,5000.0,AAA,Crédito bancário,2026-01-05T21:26:58.385362+00:00
c7ff5017c89d4566be41901469fb4707,CDB,Banco ABC,2026-12-28,%CDI,0.99,,5000.0,AAA,Crédito bancário,2026-01-05T21:26:58.385362+00:00
7eec24e078264171a01f653e3a02b54e,CDB,Banco ABC,2029-01-02,IPCA,0.0727,,5000.0,AAA,Crédito bancário,2026-01-05T21:26:58.385362+00:00
a48b6b288a7c406d81abcfee9456a10e,LCA,Banco ABC,2028-12-14,%CDI,0.89,,5000.0,AAA,Crédito bancário,2026-01-05T21:26:58.385362+00:00
bfa129f092e249b48cf14baa671fef84,CDB,Banco ABC,2026-12-28,PRE,0.1331,,5000.0,AAA,Crédito bancário,2026-01-05T21:26:58.385362+00:00
5a0cd6c835a844ad9a24972240555497,CDB,Banco ABC,2027-12-21,%CDI,0.9884999999999999,,5000.0,AAA,Crédito bancário,2026-01-05T21:26:58.385362+00:00
01065cf986a048f599227fb9bff958bb,LCA,Banco ABC,2026-06-30,%CDI,0.865,,5000.0,AAA,Crédito bancário,2026-01-05T21:26:58.385362+00:00
eaa99c11244c403b8ead5ecfbf5e4d29,LCA,Banco ABC,2026-06-30,PRE,0.1201,,5000.0,AAA,Crédito bancário,2026-01-05T21:26:58.385362+00:00
0016c1cbc60641e4bc6a08cb25cfaa3f,CDB,Banco ABC,2027-12-21,PRE,0.1263,,5000.0,AAA,Crédito bancário,2026-01-05T21:26:58.385362+00:00
af3cb9509062438a9b368dcd949ba0ed,CDB,Banco ABC,2028-12-14,%CDI,0.9964999999999999,,5000.0,AAA,Crédito bancário,2026-01-05T21:26:58.385362+00:00
384533a704b04f3caeb2da1ab0ee7a5c,LCA,Banco ABC,2026-09-28,%CDI,0.87,,5000.0,AAA,Crédito bancário,2026-01-05T21:26:58.385362+00:00
5423bc525d7a490aa5cd985d4bbfd2a2,CDB,Banco ABC,2028-12-14,PRE,0.1276,,5000.0,AAA,Crédito bancário,2026-01-05T21:26:58.385362+00:00
6576010f2e3c4e4481839d11995f8dab,CDB,Banco ABC,2026-12-30,IPCA,0.08380000000000001,,5000.0,AAA,Crédito bancário,2026-01-05T21:26:58.385362+00:00
04816c94f134421ebf2aea19fb0a07db,LCA,Banco ABC,2026-12-28,%CDI,0.875,,5000.0,AAA,Crédito bancário,2026-01-05T21:26:58.385362+00:00
abf784fb70a44166b40b4fc0a0fd7332,CDB,Banco Agibank,2029-01-02,PRE,0.1335,,1000.0,AA-,Crédito bancário,2026-01-05T21:26:58.385362+00:00
0daf662a05f042658a377815dce63250,CDB,Banco Agibank,2027-12-30,IPCA,0.086,,1000.0,AA-,Crédito bancário,2026-01-05T21:26:58.385362+00:00
1d3c873d19d743caae8aea7371678f39,CDB,Banco Agibank,2029-01-02,IPCA,0.0825,,1000.0,AA-,Crédito bancário,2026-01-05T21:26:58.385362+00:00
462b9e0e338d4eb6aa7fdd8066d02e96,CDB,Banco Agibank,2029-12-31,IPCA,0.0815,,1000.0,AA-,Crédito bancário,2026-01-05T21:26:58.385362+00:00
624d38dd26474b81bf768a758456a2d4,CDB,Banco Agibank,2026-12-30,%CDI,0.996,,1000.0,AA-,Crédito bancário,2026-01-05T21:26:58.385362+00:00
67401b29bd4b46c599b3196d23137b66,CDB,Banco Agibank,2027-12-30,%CDI,1.0105,,1000.0,AA-,Crédito bancário,2026-01-05T21:26:58.385362+00:00
f264457d578c476883cf1adac8de0c67,CDB,Banco Agibank,2029-01-02,%CDI,1.018,,1000.0,AA-,Crédito bancário,2026-01-05T21:26:58.385362+00:00
4d7866c0de5948b393015ca1ce1f6267,CDB,Banco Agibank,2026-12-30,PRE,0.1375,,1000.0,AA-,Crédito bancário,2026-01-05T21:26:58.385362+00:00
53a90c308f0546cba4b7659cd9fc4d3e,CDB,Banco Agibank,2027-12-30,PRE,0.1325,,1000.0,AA-,Crédito bancário,2026-01-05T21:26:58.385362+00:00
40863dca2e5c4727a11b9ba145dafb7b,CDB,Andbank,2027-06-28,PRE,0.14150000000000001,,1000.0,AAA,Crédito bancário,2026-01-05T21:26:58.385362+00:00
5cecff3c757444b6957219bfbb1ef629,CDB,Andbank,2029-01-02,PRE,0.1355,,1000.0,AAA,Crédito bancário,2026-01-05T21:26:58.385362+00:00
b2362acc63ef4445a522220bc3fdf92e,CDB,Andbank,2029-12-31,PRE,0.138,,1000.0,AAA,Crédito bancário,2026-01-05T21:26:58.385362+00:00
86cb8ce8f07d42a297bb9e9282c5fe48,CDB,Andbank,2031-12-30,PRE,0.1405,,1000.0,AAA,Crédito bancário,2026-01-05T21:26:58.385362+00:00
6977c8e3b9254c18bfc7897c32247db3,CDB,Andbank,2027-06-28,CDI+,0.003,,1000.0,AAA,Crédito bancário,2026-01-05T21:26:58.385362+00:00
42299d08da044ce6a4e0ed86157ae0bc,CDB,Andbank,2029-01-02,CDI+,0.0045000000000000005,,1000.0,AAA,Crédito bancário,2026-01-05T21:26:58.385362+00:00
23742890dfc44af18c2e050b87677d5d,CDB,Andbank,2029-12-31,CDI+,0.005,,1000.0,AAA,Crédito bancário,2026-01-05T21:26:58.385362+00:00
e17f6d6f9ae94b1b9826e6e4772fc90f,CDB,Andbank,2031-12-30,CDI+,0.0055000000000000005,,1000.0,AAA,Crédito bancário,2026-01-05T21:26:58.385362+00:00
58fb5d2967f44e6da3c73bfb92f45301,CDB,Banco C6 Consignado,2030-01-02,%CDI,1.02,,1000.0,A,Crédito bancário,2026-01-05T21:26:58.385362+00:00
090257409f2042a6a641a328cf110113,CDB,Banco C6 Consignado,2030-12-30,%CDI,1.02,,1000.0,A,Crédito bancário,2026-01-05T21:26:58.385362+00:00
c15ff5020c39477ab0dc805d9157c7fa,CDB,Banco C6 Consignado,2026-06-30,PRE,0.14550000000000002,,1000.0,A,Crédito bancário,2026-01-05T21:26:58.385362+00:00
ffc731c8050844f19f661fb6a86300a8,CDB,Banco C6 Consignado,2026-12-30,PRE,0.1375,,1000.0,A,Crédito bancário,2026-01-05T21:26:58.385362+00:00
1713192ea0904c74afbefc26f7fd7571,CDB,Banco C6 Consignado,2027-12-30,PRE,0.136,,1000.0,A,Crédito bancário,2026-01-05T21:26:58.385362+00:00
bdcae5cbe26340f7b615e5c886d4f61d,CDB,Banco C6 Consignado,2029-01-02,PRE,0.138,,1000.0,A,Crédito bancário,2026-01-05T21:26:58.385362+00:00
dae49d16579b426eb32861ff6baf7cbd,CDB,Banco C6 Consignado,2030-01-02,PRE,0.14,,1000.0,A,Crédito bancário,2026-01-05T21:26:58.385362+00:00
db9afe307add44f893c716558c49c0ba,CDB,Banco C6 Consignado,2030-12-30,PRE,0.14150000000000001,,1000.0,A,Crédito bancário,2026-01-05T21:26:58.385362+00:00
8d876a05e94149bcbb984463dc6c9014,CDB,Banco C6 Consignado,2026-12-30,IPCA,0.086,,1000.0,A,Crédito bancário,2026-01-05T21:26:58.385362+00:00
627538edd056470794d6fb914e1f203d,CDB,Banco C6 Consignado,2027-12-30,IPCA,0.0805,,1000.0,A,Crédito bancário,2026-01-05T21:26:58.385362+00:00
cfba7f791f5644069523e939767b9dc0,CDB,Banco C6 Consignado,2029-01-02,IPCA,0.07849999999999999,,1000.0,A,Crédito bancário,2026-01-05T21:26:58.385362+00:00
2aa5ff7e816a46eaa96d315b40e8c848,CDB,Banco C6 Consignado,2030-01-02,IPCA,0.0775,,1000.0,A,Crédito bancário,2026-01-05T21:26:58.385362+00:00
0a16ce4bd3284946af3bb76d71dc9b15,CDB,Banco C6 Consignado,2026-03-30,%CDI,0.9949999999999999,,1000.0,A,Crédito bancário,2026-01-05T21:26:58.385362+00:00
89d8e599546c4cdf9d2b0d609db33bb2,CDB,Banco C6 Consignado,2026-06-30,%CDI,1.005,,1000.0,A,Crédito bancário,2026-01-05T21:26:58.385362+00:00
cc69f1e5260f4fa59f4ec0b489c942cb,CDB,Banco C6 Consignado,2026-12-30,%CDI,1.0,,1000.0,A,Crédito bancário,2026-01-05T21:26:58.385362+00:00
eab4acfe4bd34a1fa6509035576d0a29,CDB,Banco C6 Consignado,2027-12-30,%CDI,1.02,,1000.0,A,Crédito bancário,2026-01-05T21:26:58.385362+00:00
1eaccdf0dd114720a27fc7e89fb64149,CDB,Banco C6 Consignado,2029-01-02,%CDI,1.02,,1000.0,A,Crédito bancário,2026-01-05T21:26:58.385362+00:00
bd8fda04e2f54958a7f013b350529ed2,CDB,Banco BMG,2026-06-29,%CDI,0.95,,1000.0,A,Crédito bancário,2026-01-05T21:26:58.385362+00:00
67c082c68a3047e189f961fb9a97eac9,CDB,Banco BMG,2026-12-30,%CDI,0.95,,1000.0,A,Crédito bancário,2026-01-05T21:26:58.385362+00:00
95b3fcb021344ad5914bb1f27e76c928,CDB,Banco BMG,2027-12-30,%CDI,0.95,,1000.0,A,Crédito bancário,2026-01-05T21:26:58.385362+00:00
5e8281d400394e71977bf4c3866edf7b,CDB,Banco BMG,2028-06-19,%CDI,0.95,,1000.0,A,Crédito bancário,2026-01-05T21:26:58.385362+00:00
c21c9fcbb47d4cb68f9ba3b9108b58ed,CDB,Banco BMG,2028-12-29,%CDI,0.95,,1000.0,A,Crédito bancário,2026-01-05T21:26:58.385362+00:00
3f65aa1221f24fd8a369d2d8c527e37a,CDB,Banco BMG,2029-06-12,%CDI,0.95,,1000.0,A,Crédito bancário,2026-01-05T21:26:58.385362+00:00
5676711fa7d4434589bbe46200a471f0,CDB,Banco BMG,2029-12-31,%CDI,0.95,,1000.0,A,Crédito bancário,2026-01-05T21:26:58.385362+00:00
f283848ccc3e4a9d90fe2d84933508a8,CDB,Banco BMG,2030-12-30,%CDI,0.95,,1000.0,A,Crédito bancário,2026-01-05T21:26:58.385362+00:00
e265b09723964de5a31b3c8ebe3bf20e,CDB,Banco BMG,2031-12-29,%CDI,0.95,,1000.0,A,Crédito bancário,2026-01-05T21:26:58.385362+00:00
7f7f06dd92624a07a5e796229a0343c2,CDB,Banco BMG,2032-12-28,%CDI,0.95,,1000.0,A,Crédito bancário,2026-01-05T21:26:58.385362+00:00
faa6c1fcf1ad43cab592d26cd9fdc309,CDB,Banco BMG,2026-06-29,PRE,0.1396,,1000.0,A,Crédito bancário,2026-01-05T21:26:58.385362+00:00
679e3bbf3d2c47ba9d9a54ef54ded3e1,CDB,Banco BMG,2026-12-30,PRE,0.1407,,1000.0,A,Crédito bancário,2026-01-05T21:26:58.385362+00:00
b89c8d941b654695bf549c445ede224f,CDB,Banco BMG,2027-12-30,PRE,0.1348,,1000.0,A,Crédito bancário,2026-01-05T21:26:58.385362+00:00
42ed39638f3e407a95208b7e1ad7bcea,CDB,Banco BMG,2028-06-19,PRE,0.13470000000000001,,1000.0,A,Crédito bancário,2026-01-05T21:26:58.385362+00:00
85b916478a1e47e8a4125db80a2d2561,CDB,Banco BMG,2028-12-29,PRE,0.13570000000000002,,1000.0,A,Crédito bancário,2026-01-05T21:26:58.385362+00:00
667d135fc1e5485f90c0f16a8be7bc6f,CDB,Banco BMG,2029-06-12,PRE,0.127,,1000.0,A,Crédito bancário,2026-01-05T21:26:58.385362+00:00
064f8dfbb58b49669774f18821f0f2fe,CDB,Banco BMG,2029-12-31,PRE,0.138,,1000.0,A,Crédito bancário,2026-01-05T21:26:58.385362+00:00
c49343c3e3594cc6a219d7d63da002e6,CDB,Banco BMG,2030-12-30,PRE,0.128,,1000.0,A,Crédito bancário,2026-01-05T21:26:58.385362+00:00
bf197d732cc647a6a96693f638e38d4c,CDB,Banco BMG,2031-12-29,PRE,0.13,,1000.0,A,Crédito bancário,2026-01-05T21:26:58.385362+00:00
38cffda68208468f80219ecefe450ff8,CDB,Banco BMG,2032-12-28,PRE,0.1303,,1000.0,A,Crédito bancário,2026-01-05T21:26:58.385362+00:00
a2a86814acb74290a1ee0269263cbf19,CDB,Banco BMG,2027-12-30,IPCA,0.0808,,1000.0,A,Crédito bancário,2026-01-05T21:26:58.385362+00:00
52f54b8239a1430db3dec4861bdb9b18,CDB,Banco BMG,2028-06-19,IPCA,0.07909999999999999,,1000.0,A,Crédito bancário,2026-01-05T21:26:58.385362+00:00
0e334119dbe641c5b7eea15ec62c12a7,CDB,Banco BMG,2028-12-29,IPCA,0.0799,,1000.0,A,Crédito bancário,2026-01-05T21:26:58.385362+00:00
47b164ef9b6e425ab3c7fdb70a88726a,CDB,Banco BMG,2029-06-12,IPCA,0.0725,,1000.0,A,Crédito bancário,2026-01-05T21:26:58.385362+00:00
6aece4d8349948b3baf99723d18768b8,CDB,Banco BMG,2029-12-31,IPCA,0.0764,,1000.0,A,Crédito bancário,2026-01-05T21:26:58.385362+00:00
7983d9433109429f82547e1d90973368,CDB,Banco BMG,2030-12-30,IPCA,0.07139999999999999,,1000.0,A,Crédito bancário,2026-01-05T21:26:58.385362+00:00
42835664bd494bc69426724f0075ff50,CDB,Banco BMG,2031-12-29,IPCA,0.071,,1000.0,A,Crédito bancário,2026-01-05T21:26:58.385362+00:00
463ea47b70c24eac8fbf64c94285c89e,CDB,Banco BMG,2032-12-28,IPCA,0.0706,,1000.0,A,Crédito bancário,2026-01-05T21:26:58.385362+00:00
f448f867f4bd411b92ef36044e37b6a8,CDB,Banco de Brasília,2027-12-20,%CDI,1.09,,1000.0,A,Crédito bancário,2026-01-05T21:26:58.385362+00:00
d9519e0de489409b904391f2e9d39773,LCI,Banco de Brasília,2026-12-30,%CDI,0.94,,1000.0,A,Crédito bancário,2026-01-05T21:26:58.385362+00:00
f6e00e17794345d5b1647e91e1e87129,LCI,Banco de Brasília,2027-12-20,%CDI,0.95,,1000.0,A,Crédito bancário,2026-01-05T21:26:58.385362+00:00
740beb1d272e40b1bc0577e544c744b2,LCI,Banco de Brasília,2028-12-29,%CDI,0.96,,1000.0,A,Crédito bancário,2026-01-05T21:26:58.385362+00:00
fda2d71addbd4f05af2e943cfa8ba115,LCI,Banco de Brasília,2029-12-31,%CDI,0.97,,1000.0,A,Crédito bancário,2026-01-05T21:26:58.385362+00:00
8fa2c80a12f94a08a5cb7b2359ecaeff,LCI,Banco de Brasília,2030-12-30,%CDI,0.98,,1000.0,A,Crédito bancário,2026-01-05T21:26:58.385362+00:00
4b8cf2cc65ff4b2fbee5824f211099c8,CDB,Banco de Brasília,2026-12-30,%CDI,1.08,,1000.0,A,Crédito bancário,2026-01-05T21:26:58.385362+00:00
b61938ec3ecd4252bd4fe788b329526e,CDB,Banco BS2,2026-03-30,PRE,0.1465,,1000.0,BBB-,Crédito bancário,2026-01-05T21:26:58.385362+00:00
fa131a88331e41ab9dce022d6401060d,CDB,Banco BS2,2027-12-21,PRE,0.13,,1000.0,BBB-,Crédito bancário,2026-01-05T21:26:58.385362+00:00
ba8b89583f8a48d6aa9a5893d1244d0f,CDB,Banco BS2,2028-12-14,PRE,0.128,,1000.0,BBB-,Crédito bancário,2026-01-05T21:26:58.385362+00:00
8055ee8f711a4246af1baf33ab917890,CDB,Banco BS2,2027-06-23,%CDI,1.03,,1000.0,BBB-,Crédito bancário,2026-01-05T21:26:58.385362+00:00
9f6888fe45624126b7bf4c40079c87f5,CDB,Banco BS2,2027-12-21,%CDI,1.04,,1000.0,BBB-,Crédito bancário,2026-01-05T21:26:58.385362+00:00
f2edf8f167c24c1fbf65665913bed8ee,CDB,Banco BS2,2028-12-14,%CDI,1.04,,1000.0,BBB-,Crédito bancário,2026-01-05T21:26:58.385362+00:00
1d11bf59f38c4faaa32f2937209650fa,CDB,Banco BS2,2029-12-10,%CDI,1.04,,1000.0,BBB-,Crédito bancário,2026-01-05T21:26:58.385362+00:00
29fe54ed69ac419daadff1d9e05c9f60,CDB,Banco BS2,2030-12-04,%CDI,1.04,,1000.0,BBB-,Crédito bancário,2026-01-05T21:26:58.385362+00:00
ae56d1090883440e8b0b66329521f092,CDB,Banco BS2,2027-06-23,CDI+,0.0034999999999999996,,1000.0,BBB-,Crédito bancário,2026-01-05T21:26:58.385362+00:00
92b9258711544c0aa7673602115246b7,CDB,Banco BS2,2027-12-21,CDI+,0.005,,1000.0,BBB-,Crédito bancário,2026-01-05T21:26:58.385362+00:00
79135e1d136e45798bb6d4ca80ce66af,CDB,Banco BS2,2027-12-30,IPCA,0.078,,1000.0,BBB-,Crédito bancário,2026-01-05T21:26:58.385362+00:00
c0b8b80ce91741b5b739e26b0e66d38a,CDB,Banco BS2,2030-12-30,IPCA,0.0735,,1000.0,BBB-,Crédito bancário,2026-01-05T21:26:58.385362+00:00
08009481ac2d4974a7df38cb1fac0460,CDB,Banco BBC (Grupo Simpar),2026-03-31,%CDI,0.97,,10000.0,AA,Crédito bancário,2026-01-05T21:26:58.385362+00:00
79bc9b21715343d2b367e9ee915e9e9d,CDB,Banco BBC (Grupo Simpar),2027-06-24,%CDI,1.015,,10000.0,AA,Crédito bancário,2026-01-05T21:26:58.385362+00:00
5669e92dedb740da948c0b79a05d05c4,CDB,Banco BBC (Grupo Simpar),2026-04-30,%CDI,1.035,,10000.0,AA,Crédito bancário,2026-01-05T21:26:58.385362+00:00
e95eda6e27e6479a89e5d5e716b22a14,CDB,Banco BBC (Grupo Simpar),2027-12-31,%CDI,1.04,,10000.0,AA,Crédito bancário,2026-01-05T21:26:58.385362+00:00
20fcd8e784b94b28b16615a29cdd5585,CDB,Banco BBC (Grupo Simpar),2026-04-30,PRE,0.142,,10000.0,AA,Crédito bancário,2026-01-05T21:26:58.385362+00:00
def38bf615d8478eae2c28c2ab8996f8,CDB,Banco BBC (Grupo Simpar),2026-12-31,PRE,0.142,,10000.0,AA,Crédito bancário,2026-01-05T21:26:58.385362+00:00
7f8a06ffb2e04f78b6575cc9e56206d0,CDB,Banco BBC (Grupo Simpar),2027-12-31,PRE,0.138,,10000.0,AA,Crédito bancário,2026-01-05T21:26:58.385362+00:00
0cee354dd2ac48c8ad038441983e82cf,CDB,Banco BBC (Grupo Simpar),2029-01-02,PRE,0.136,,10000.0,AA,Crédito bancário,2026-01-05T21:26:58.385362+00:00
6e15544709104cf380bc9c3dcd8eac47,CDB,Banco BBC (Grupo Simpar),2026-06-01,%CDI,1.035,,10000.0,AA,Crédito bancário,2026-01-05T21:26:58.385362+00:00
af57bfb7fd6046bc9d35a5d326778ca0,CDB,Banco BBC (Grupo Simpar),2028-06-19,%CDI,1.015,,10000.0,AA,Crédito bancário,2026-01-05T21:26:58.385362+00:00
4fd96a94d2294546bd9edea1a5c110c7,CDB,Banco BBC (Grupo Simpar),2026-06-01,PRE,0.142,,10000.0,AA,Crédito bancário,2026-01-05T21:26:58.385362+00:00
6b326ab77be44072879c05971175506c,CDB,Banco BBC (Grupo Simpar),2026-01-30,%CDI,0.97,,10000.0,AA,Crédito bancário,2026-01-05T21:26:58.385362+00:00
83b8cdd0de0e44acba10522cc0ebd1ae,CDB,Banco BBC (Grupo Simpar),2026-06-30,%CDI,0.98,,10000.0,AA,Crédito bancário,2026-01-05T21:26:58.385362+00:00
f04e936ec69842a285e4ab415e801bb6,CDB,Banco BBC (Grupo Simpar),2029-01-02,%CDI,1.04,,10000.0,AA,Crédito bancário,2026-01-05T21:26:58.385362+00:00
edc44fda9e7a4dccb745fdd10988aaff,CDB,Banco BBC (Grupo Simpar),2026-06-30,PRE,0.1405,,10000.0,AA,Crédito bancário,2026-01-05T21:26:58.385362+00:00
54fab94b241f4d54afeb770eb10b0a94,CDB,Banco BBC (Grupo Simpar),2027-06-24,PRE,0.13699999999999998,,10000.0,AA,Crédito bancário,2026-01-05T21:26:58.385362+00:00
6c44742750254b7fa67c2396d5183b3b,CDB,Banco BBC (Grupo Simpar),2028-06-19,PRE,0.1335,,10000.0,AA,Crédito bancário,2026-01-05T21:26:58.385362+00:00
767559c1c97045e89bf3e4ab172eca49,CDB,Banco BBC (Grupo Simpar),2026-03-02,%CDI,1.03,,10000.0,AA,Crédito bancário,2026-01-05T21:26:58.385362+00:00
a57df0e359644c4882786dc5f3ec194e,CDB,Banco BBC (Grupo Simpar),2026-12-31,%CDI,1.035,,10000.0,AA,Crédito bancário,2026-01-05T21:26:58.385362+00:00
da08ea2799374d6d95933b663df77977,CDB,Banco BBC (Grupo Simpar),2026-03-31,PRE,0.142,,10000.0,AA,Crédito bancário,2026-01-05T21:26:58.385362+00:00
84ff5ab1c99b448791ac359c7e0e8d85,CDB,Banco Fator,2026-06-29,%CDI,0.95,,1000.0,-,Crédito bancário,2026-01-05T21:26:58.385362+00:00
9a917c0b081548f187acfefc49d0ff30,CDB,Banco Fator,2026-12-30,%CDI,0.98,,1000.0,-,Crédito bancário,2026-01-05T21:26:58.385362+00:00
4f1cf68f235745a982f9c100340caea9,CDB,Banco Fator,2027-06-23,%CDI,0.99,,1000.0,-,Crédito bancário,2026-01-05T21:26:58.385362+00:00
b2db661cab2345339fb6d9918b1f2ceb,CDB,Banco Fator,2028-06-19,%CDI,1.0,,1000.0,-,Crédito bancário,2026-01-05T21:26:58.385362+00:00
3a6ee218d11a450f802e56b47c6c7a50,CDB,Banco Fator,2029-12-31,%CDI,1.0,,1000.0,-,Crédito bancário,2026-01-05T21:26:58.385362+00:00
97c89fc0f1fb42aa84e4e464c21a14f7,CDB,Banco Fator,2027-12-31,PRE,0.106,,1000.0,-,Crédito bancário,2026-01-05T21:26:58.385362+00:00
949b808b96664e94af7971dba32330df,CDB,Banco Fator,2028-12-14,PRE,0.106,,1000.0,-,Crédito bancário,2026-01-05T21:26:58.385362+00:00
4d0996a4991b4596ae93a4a2fa4805b5,CDB,Banco Fator,2027-12-31,IPCA,0.0575,,1000.0,-,Crédito bancário,2026-01-05T21:26:58.385362+00:00
ff3e496db5a348cdb401b6dbe0f6281f,CDB,Banco Fator,2028-06-19,IPCA,0.0555,,1000.0,-,Crédito bancário,2026-01-05T21:26:58.385362+00:00
f5149bb9c8d043b983af02e23ce13100,CDB,Banco Fator,2028-12-14,IPCA,0.054000000000000006,,1000.0,-,Crédito bancário,2026-01-05T21:26:58.385362+00:00
bf084da86da047dcb1c468f6dad89221,CDB,Banco Fator,2027-12-31,%CDI,1.0,,1000.0,-,Crédito bancário,2026-01-05T21:26:58.385362+00:00
5eb39c7bcda74747a6f8fe1114f7cec2,CDB,Banco Fator,2028-12-14,%CDI,1.0,,1000.0,-,Crédito bancário,2026-01-05T21:26:58.385362+00:00
03cc53541af54ab58c716a8fd95141c9,CDB,Banco Fator,2030-12-30,%CDI,1.0,,1000.0,-,Crédito bancário,2026-01-05T21:26:58.385362+00:00
92a2294abbfd4d95a304d4b4dbcf64e9,CDB,Banco Fator,2028-06-19,PRE,0.106,,1000.0,-,Crédito bancário,2026-01-05T21:26:58.385362+00:00
eaa5689663ff431da2cf108a9705d397,CDB,Banco Original,2027-06-30,PRE,0.1277,,1000.0,BBB,Crédito bancário,2026-01-05T21:26:58.385362+00:00
f4e257786ef24726a14911f47bc68cf8,CDB,Banco Original,2027-12-30,PRE,0.1304,,1000.0,BBB,Crédito bancário,2026-01-05T21:26:58.385362+00:00
e0a0be3e195a48148dce413f9da38d9f,CDB,Banco Original,2029-01-02,PRE,0.1355,,1000.0,BBB,Crédito bancário,2026-01-05T21:26:58.385362+00:00
521b85b7391e4161b2ae0016df6007c2,CDB,Banco Original,2029-12-31,PRE,0.138,,1000.0,BBB,Crédito bancário,2026-01-05T21:26:58.385362+00:00
7c91cd2e1d794abfb21df850e8a6870a,CDB,Banco Original,2030-12-30,PRE,0.1394,,1000.0,BBB,Crédito bancário,2026-01-05T21:26:58.385362+00:00
9de90a307d314840a428c5d8b3a1971b,CDB,Banco Original,2026-12-30,%CDI,1.0,,1000.0,BBB,Crédito bancário,2026-01-05T21:26:58.385362+00:00
5ee22d8a7952485caa89893fb82b9566,CDB,Banco Original,2027-06-30,%CDI,0.99,,1000.0,BBB,Crédito bancário,2026-01-05T21:26:58.385362+00:00
8fb0a145f0114703970409044574cb2e,CDB,Banco Original,2029-01-02,CDI+,0.0011,,1000.0,BBB,Crédito bancário,2026-01-05T21:26:58.385362+00:00
e09817d527604cd39c10cef202bec66a,CDB,Banco Original,2027-12-30,%CDI,1.04,,1000.0,BBB,Crédito bancário,2026-01-05T21:26:58.385362+00:00
eaa55f01a8d9419fbcc946c6a0f39f4f,CDB,Banco Original,2029-01-02,%CDI,1.04,,1000.0,BBB,Crédito bancário,2026-01-05T21:26:58.385362+00:00
3155a37978e142338432f7617b25f875,CDB,Banco Original,2029-12-31,%CDI,1.04,,1000.0,BBB,Crédito bancário,2026-01-05T21:26:58.385362+00:00
b1a4968584b147eba0619c27022c4009,CDB,Banco Original,2030-12-30,%CDI,1.04,,1000.0,BBB,Crédito bancário,2026-01-05T21:26:58.385362+00:00
3e96a02a59014c17887b56c335378104,CDB,Banco Original,2026-12-30,PRE,0.13390000000000002,,1000.0,BBB,Crédito bancário,2026-01-05T21:26:58.385362+00:00
32e10e89ba524549b6f73c53f7f158b4,CDB,Banco Senff,2027-12-30,%CDI,1.04,,1000.0,-,Crédito bancário,2026-01-05T21:26:58.385362+00:00
2619111195ec4e7dabc874dd9ee7f47e,CDB,Banco Senff,2028-12-29,%CDI,1.04,,1000.0,-,Crédito bancário,2026-01-05T21:26:58.385362+00:00
ca3252f266424caaad38bb071e4002f2,CDB,Banco Senff,2026-12-30,%CDI,1.015,,1000.0,-,Crédito bancário,2026-01-05T21:26:58.385362+00:00
c442cd0c814b44d596daabf55d3ac813,CDB,Banco da China,2026-01-29,%CDI,0.935,,10000.0,AAA,Crédito bancário,2026-01-05T21:26:58.385362+00:00
9dd14971fa2844f99a79d12c393f5b5a,CDB,Banco da China,2026-03-02,%CDI,0.94,,10000.0,AAA,Crédito bancário,2026-01-05T21:26:58.385362+00:00
45703c69f79940ebaa360a5eedeb7987,CDB,Banco da China,2026-03-31,%CDI,0.95,,10000.0,AAA,Crédito bancário,2026-01-05T21:26:58.385362+00:00
aeca06a8093642b2b6b1c37bee75ac17,CDB,Banco da China,2026-06-30,%CDI,0.96,,10000.0,AAA,Crédito bancário,2026-01-05T21:26:58.385362+00:00
364ba2fd6f0b4a8ca532405965f5cda4,CDB,Banco da China,2026-12-31,%CDI,0.9649999999999999,,10000.0,AAA,Crédito bancário,2026-01-05T21:26:58.385362+00:00
dd3b4a0c66a54b9fbf17842ff708b66b,LCI,Banco Bari,2029-12-31,IPCA,0.059000000000000004,,1000.0,-,Crédito bancário,2026-01-05T21:26:58.385362+00:00
391e8178675349d18aeb1c17a4d4aec1,CDB,Banco Bari,2027-12-30,%CDI,1.02,,1000.0,-,Crédito bancário,2026-01-05T21:26:58.385362+00:00
6c9d3a5d236c452d82bc12806b1bdcc8,CDB,Banco Bari,2027-12-30,PRE,0.136,,1000.0,-,Crédito bancário,2026-01-05T21:26:58.385362+00:00
b62567427be847c494c45dbd11e48e18,LCA,Banco Bocom,2026-12-28,PRE,0.11289999999999999,,50000.0,AAA,Crédito bancário,2026-01-05T21:26:58.385362+00:00
3574ffb5828f498d81a5e300dd0cd588,LCA,Banco Bocom,2026-07-02,%CDI,0.795,,50000.0,AAA,Crédito bancário,2026-01-05T21:26:58.385362+00:00
56faea024db9414f9204e0d3ad3a10f7,LCA,Banco Bocom,2026-10-06,%CDI,0.835,,50000.0,AAA,Crédito bancário,2026-01-05T21:26:58.385362+00:00
de032ef98e654f24b244a454a13a9521,LCA,Banco Bocom,2026-12-28,%CDI,0.85,,50000.0,AAA,Crédito bancário,2026-01-05T21:26:58.385362+00:00
cbfdab81723d4bdf808b22be072aa535,LCA,Banco Bocom,2026-07-02,PRE,0.11349999999999999,,50000.0,AAA,Crédito bancário,2026-01-05T21:26:58.385362+00:00
4d0426866b3e438f896758aa19e96292,LCA,Banco Bocom,2026-10-06,PRE,0.1131,,50000.0,AAA,Crédito bancário,2026-01-05T21:26:58.385362+00:00
9ea1074cb7d542698311b5c8f341a866,CDB,Bank of China Múltiplo,2026-07-02,%CDI,0.9889999999999999,,100000.0,-,Crédito bancário,2026-01-05T21:26:58.385362+00:00
a809582295b3490098a04f68a3391a41,CDB,Bank of China Múltiplo,2026-10-01,%CDI,0.9915,,100000.0,-,Crédito bancário,2026-01-05T21:26:58.385362+00:00
31ab0fe9c1de474886b6576d800813ed,LCA,Bank of China Múltiplo,2026-07-02,%CDI,0.885,,10000.0,-,Crédito bancário,2026-01-05T21:26:58.385362+00:00
44fe975a58b14c4eb005e04874104aeb,CDB,Bank of China Múltiplo,2026-12-30,%CDI,0.9940000000000001,,100000.0,-,Crédito bancário,2026-01-05T21:26:58.385362+00:00
819e9060921c4593855775399be9556f,LCA,Bank of China Múltiplo,2026-10-01,%CDI,0.8875,,10000.0,-,Crédito bancário,2026-01-05T21:26:58.385362+00:00
63f28c4068404114a5ec14faa23004e2,LCA,Bank of China Múltiplo,2026-12-30,%CDI,0.89,,10000.0,-,Crédito bancário,2026-01-05T21:26:58.385362+00:00
7659cfdfd13243a2b511212bcc11cb59,LCA,Bank of China Múltiplo,2027-06-23,%CDI,0.8925,,10000.0,-,Crédito bancário,2026-01-05T21:26:58.385362+00:00
64efd7bad9944c5bb95a388b42c8a272,CDB,Banco Daycoval,2026-01-29,%CDI,0.97,,20000.0,AA+,Crédito bancário,2026-01-05T21:26:58.385362+00:00
9fd02ce37f004125b80fafcafd481b40,CDB,Banco Daycoval,2026-03-02,%CDI,0.97,,20000.0,AA+,Crédito bancário,2026-01-05T21:26:58.385362+00:00
5a43470c0aca4a01a0c60c6e20c810ea,CDB,Banco Daycoval,2026-03-30,%CDI,0.9749999999999999,,20000.0,AA+,Crédito bancário,2026-01-05T21:26:58.385362+00:00
246d734c06ad45f89b00d869098ce7c4,CDB,Banco Daycoval,2026-04-29,%CDI,0.9749999999999999,,20000.0,AA+,Crédito bancário,2026-01-05T21:26:58.385362+00:00
c4827da9d905407da2d1b458f4e7b111,CDB,Banco Daycoval,2026-06-29,%CDI,0.98,,20000.0,AA+,Crédito bancário,2026-01-05T21:26:58.385362+00:00
a43d41fe481a4488b52238c040f6902f,CDB,Banco Daycoval,2026-12-30,%CDI,0.98,,20000.0,AA+,Crédito bancário,2026-01-05T21:26:58.385362+00:00
11aa6b3476414256b62e13987fb445df,CDB,Banco Daycoval,2027-06-30,%CDI,0.98,,20000.0,AA+,Crédito bancário,2026-01-05T21:26:58.385362+00:00
ee1edcd599be4abd8c4ba5ec4c76d82a,CDB,Banco Daycoval,2027-12-30,%CDI,0.98,,20000.0,AA+,Crédito bancário,2026-01-05T21:26:58.385362+00:00
09b6e5854cb14a0082864edfb2a79ed1,CDB,Banco Daycoval,2028-06-30,%CDI,0.98,,20000.0,AA+,Crédito bancário,2026-01-05T21:26:58.385362+00:00
e4739506b33f434c8289f6a4cf912727,CDB,Banco Daycoval,2029-01-02,%CDI,0.98,,20000.0,AA+,Crédito bancário,2026-01-05T21:26:58.385362+00:00
ad3abc457f244d4b8927bad74f370c6f,CDB,Banco Daycoval,2029-12-31,%CDI,0.98,,20000.0,AA+,Crédito bancário,2026-01-05T21:26:58.385362+00:00
e4b982201ecc4600836a782482883136,CDB,Banco Daycoval,2030-12-30,%CDI,0.98,,20000.0,AA+,Crédito bancário,2026-01-05T21:26:58.385362+00:00
9ee42ff11f3b4495975baa79f0fde413,CDB,Banco Daycoval,2031-12-30,%CDI,0.98,,20000.0,AA+,Crédito bancário,2026-01-05T21:26:58.385362+00:00
4ea33b1a7c82405abb7840283b4c31da,CDB,Banco Daycoval,2026-01-29,PRE,0.145,,20000.0,AA+,Crédito bancário,2026-01-05T21:26:58.385362+00:00
491941573bc4468ebf17ea745da5b242,CDB,Banco Daycoval,2026-03-02,PRE,0.1446,,20000.0,AA+,Crédito bancário,2026-01-05T21:26:58.385362+00:00
f9a9696f37eb4517b5bafb9ffdca6a51,CDB,Banco Daycoval,2026-03-30,PRE,0.1451,,20000.0,AA+,Crédito bancário,2026-01-05T21:26:58.385362+00:00
47ef355475f845c6bd512a5e76bb6bb1,CDB,Banco Daycoval,2026-04-29,PRE,0.1445,,20000.0,AA+,Crédito bancário,2026-01-05T21:26:58.385362+00:00
cbba523f0b8a4f64ba8aef23ba2dae01,CDB,Banco Daycoval,2026-06-29,PRE,0.1431,,20000.0,AA+,Crédito bancário,2026-01-05T21:26:58.385362+00:00
8da4379df3fe4aff8bcd2c8a71e4a288,CDB,Banco Daycoval,2026-12-30,PRE,0.1359,,20000.0,AA+,Crédito bancário,2026-01-05T21:26:58.385362+00:00
498e337190024debbad2c36824e13609,CDB,Banco Daycoval,2027-06-30,PRE,0.1313,,20000.0,AA+,Crédito bancário,2026-01-05T21:26:58.385362+00:00
a54ce422a7804c0cb16e9d363f4ee5f3,CDB,Banco Daycoval,2027-12-30,PRE,0.1292,,20000.0,AA+,Crédito bancário,2026-01-05T21:26:58.385362+00:00
cf31fa712abb49139da980b4f640bf4b,CDB,Banco Daycoval,2028-06-30,PRE,0.129,,20000.0,AA+,Crédito bancário,2026-01-05T21:26:58.385362+00:00
2e2a78cfecf643df960b079f9bf85ac8,CDB,Banco Daycoval,2029-01-02,PRE,0.1295,,20000.0,AA+,Crédito bancário,2026-01-05T21:26:58.385362+00:00
157593f986384e2f9208c3a08001d85c,CDB,Banco Daycoval,2029-12-31,PRE,0.1311,,20000.0,AA+,Crédito bancário,2026-01-05T21:26:58.385362+00:00
d323fb88cbd24b81a9159d18103ecc9d,CDB,Banco Daycoval,2030-12-30,PRE,0.1324,,20000.0,AA+,Crédito bancário,2026-01-05T21:26:58.385362+00:00
db8e1484035d4516b8d094422bf2243d,CDB,Banco Daycoval,2031-12-30,PRE,0.1334,,20000.0,AA+,Crédito bancário,2026-01-05T21:26:58.385362+00:00
0e479d79f4a3479dbeaf5f1909edf65c,CDB,Banco Daycoval,2026-12-30,IPCA,0.08739999999999998,,20000.0,AA+,Crédito bancário,2026-01-05T21:26:58.385362+00:00
32d75d7804994cd4b2d2fda5f4d72c27,CDB,Banco Daycoval,2027-06-30,IPCA,0.0788,,20000.0,AA+,Crédito bancário,2026-01-05T21:26:58.385362+00:00
3bda4515a70a49a0bc12762c2cd060cb,CDB,Banco Daycoval,2027-12-30,IPCA,0.0761,,20000.0,AA+,Crédito bancário,2026-01-05T21:26:58.385362+00:00
902be1808d5b41cf96b8076cf1e4b0d7,CDB,Banco Daycoval,2028-06-30,IPCA,0.0745,,20000.0,AA+,Crédito bancário,2026-01-05T21:26:58.385362+00:00
0f9ff687f3ed473e8314aa533a631fdc,CDB,Banco Daycoval,2029-01-02,IPCA,0.07329999999999999,,20000.0,AA+,Crédito bancário,2026-01-05T21:26:58.385362+00:00
82dfd38daa09411586f0ff5f8b00b1bb,CDB,Banco Daycoval,2029-12-31,IPCA,0.072,,20000.0,AA+,Crédito bancário,2026-01-05T21:26:58.385362+00:00
18c43ce59d264c6fa9d17327680458eb,CDB,Banco Daycoval,2030-12-30,IPCA,0.07139999999999999,,20000.0,AA+,Crédito bancário,2026-01-05T21:26:58.385362+00:00
0c920b7e565d4cbf84da0c21c5fa1cd6,CDB,Banco Daycoval,2031-12-30,IPCA,0.0712,,20000.0,AA+,Crédito bancário,2026-01-05T21:26:58.385362+00:00
27ef4e9f92b4436db5ffe2af4c2bb363,CDB,Banco Digimais,2030-12-30,PRE,0.1438,,1000.0,BBB-,Crédito bancário,2026-01-05T21:26:58.385362+00:00
f89ade1c1d434916a8a5c45c02706805,CDB,Banco Digimais,2031-12-29,PRE,0.1463,,1000.0,BBB-,Crédito bancário,2026-01-05T21:26:58.385362+00:00
61b0526ce55f48c89c48491f8ae48267,CDB,Banco Digimais,2026-12-30,%CDI,0.9849999999999999,,5000.0,BBB-,Crédito bancário,2026-01-05T21:26:58.385362+00:00
629ecae360df4d07a86330a1acca6e27,CDB,Banco Digimais,2027-12-30,%CDI,1.05,,5000.0,BBB-,Crédito bancário,2026-01-05T21:26:58.385362+00:00
477400be654542a095ebb7a1b096ab17,CDB,Banco Digimais,2028-12-29,%CDI,1.08,,5000.0,BBB-,Crédito bancário,2026-01-05T21:26:58.385362+00:00
0abdafdc20414cd88975c9312d9d48d9,CDB,Banco Digimais,2029-12-31,%CDI,1.09,,5000.0,BBB-,Crédito bancário,2026-01-05T21:26:58.385362+00:00
4b69aab7a7394629844b7f2c5d53d9ed,CDB,Banco Digimais,2030-12-30,%CDI,1.11,,5000.0,BBB-,Crédito bancário,2026-01-05T21:26:58.385362+00:00
ed5b07f542454d21ac04054cf0a173e0,CDB,Banco Digimais,2031-12-29,%CDI,1.13,,5000.0,BBB-,Crédito bancário,2026-01-05T21:26:58.385362+00:00
5cc037cf63544c2790a0371840a42e65,CDB,Banco Digimais,2027-12-30,PRE,0.1402,,1000.0,BBB-,Crédito bancário,2026-01-05T21:26:58.385362+00:00
3d293e48fb3a4865b68cd6b999e6d2e3,CDB,Banco Digimais,2028-12-29,PRE,0.13849999999999998,,1000.0,BBB-,Crédito bancário,2026-01-05T21:26:58.385362+00:00
ad60714a971a44399c49a375b0a54329,CDB,Banco Digimais,2029-12-31,PRE,0.1411,,1000.0,BBB-,Crédito bancário,2026-01-05T21:26:58.385362+00:00
3a591339acbe465d8f2187bee6b82c3f,CDB,Banco Fibra,2033-12-30,%CDI,0.9849999999999999,,1000.0,A-,Crédito bancário,2026-01-05T21:26:58.385362+00:00
f27580bb73e24d91b0a88f28aefb677e,CDB,Banco Fibra,2035-01-02,%CDI,0.9849999999999999,,1000.0,A-,Crédito bancário,2026-01-05T21:26:58.385362+00:00
5d4332609784478e93ef1e3bf7255d59,CDB,Banco Fibra,2035-12-31,%CDI,0.9849999999999999,,1000.0,A-,Crédito bancário,2026-01-05T21:26:58.385362+00:00
6e2b05fb825e462c9860804c1467d385,CDB,Banco Fibra,2027-01-15,IPCA,0.094,,1000.0,A-,Crédito bancário,2026-01-05T21:26:58.385362+00:00
55235d336b2f4223abdea6bfa2cf57a7,CDB,Banco Fibra,2027-07-15,IPCA,0.08449999999999999,,1000.0,A-,Crédito bancário,2026-01-05T21:26:58.385362+00:00
a37ce61f30f44339b6ac0e02b342f79e,CDB,Banco Fibra,2028-01-17,IPCA,0.07649999999999998,,1000.0,A-,Crédito bancário,2026-01-05T21:26:58.385362+00:00
c9abef12e191453189940a5960c9dfdf,CDB,Banco Fibra,2028-07-17,IPCA,0.07649999999999998,,1000.0,A-,Crédito bancário,2026-01-05T21:26:58.385362+00:00
e2d35c97fa0b4399b9ff35b7ec9922ea,CDB,Banco Fibra,2030-01-15,IPCA,0.077,,1000.0,A-,Crédito bancário,2026-01-05T21:26:58.385362+00:00
337515f44bda47d2ab81cb953df9db67,CDB,Banco Fibra,2031-01-15,IPCA,0.07649999999999998,,1000.0,A-,Crédito bancário,2026-01-05T21:26:58.385362+00:00
92b74bd4992c49e590b669f586275ee1,CDB,Banco Fibra,2031-07-15,IPCA,0.076,,1000.0,A-,Crédito bancário,2026-01-05T21:26:58.385362+00:00
04f772f7bb6749a69ef57b2cc6d2113c,CDB,Banco Fibra,2032-01-15,IPCA,0.076,,1000.0,A-,Crédito bancário,2026-01-05T21:26:58.385362+00:00
db884ec8eb2240b9be18db82c1fec8dc,CDB,Banco Fibra,2033-01-17,IPCA,0.076,,1000.0,A-,Crédito bancário,2026-01-05T21:26:58.385362+00:00
66e47b1354bf48ab9163236989de802e,CDB,Banco Fibra,2034-01-16,IPCA,0.075,,1000.0,A-,Crédito bancário,2026-01-05T21:26:58.385362+00:00
754cfea12c5f4023ba4ed68531f3badc,CDB,Banco Fibra,2036-01-15,IPCA,0.073,,1000.0,A-,Crédito bancário,2026-01-05T21:26:58.385362+00:00
9cf26a2f17ba44f4a181856990a464d7,CDB,Banco Fibra,2026-12-30,CDI+,0.002,,1000.0,A-,Crédito bancário,2026-01-05T21:26:58.385362+00:00
dba8143a67a8432287c7af9bee42bd3d,CDB,Banco Fibra,2027-06-30,CDI+,0.002,,1000.0,A-,Crédito bancário,2026-01-05T21:26:58.385362+00:00
6d258a4a74bb43e6b5b1acc7d8681c25,CDB,Banco Fibra,2026-12-30,PRE,0.13849999999999998,,1000.0,A-,Crédito bancário,2026-01-05T21:26:58.385362+00:00
54fa2851f3204b6da6597ed078b49461,CDB,Banco Fibra,2027-06-30,PRE,0.134,,1000.0,A-,Crédito bancário,2026-01-05T21:26:58.385362+00:00
53f76be5d6a8442cb22b41352e06ef96,CDB,Banco Fibra,2027-12-30,PRE,0.1275,,1000.0,A-,Crédito bancário,2026-01-05T21:26:58.385362+00:00
9b170008e8164c578b104faa311b2918,CDB,Banco Fibra,2028-06-30,PRE,0.1285,,1000.0,A-,Crédito bancário,2026-01-05T21:26:58.385362+00:00
ad064009cbef415e8bde5e8d81d39646,CDB,Banco Fibra,2029-01-02,PRE,0.131,,1000.0,A-,Crédito bancário,2026-01-05T21:26:58.385362+00:00
45d50464998c4ac0825280d13ebbfddd,CDB,Banco Fibra,2029-07-02,PRE,0.132,,1000.0,A-,Crédito bancário,2026-01-05T21:26:58.385362+00:00
380f236b3cc645c09302f550e1afc2fc,CDB,Banco Fibra,2029-12-31,PRE,0.1335,,1000.0,A-,Crédito bancário,2026-01-05T21:26:58.385362+00:00
b67572ff49be4193a257686e80339a09,CDB,Banco Fibra,2030-07-01,PRE,0.13449999999999998,,1000.0,A-,Crédito bancário,2026-01-05T21:26:58.385362+00:00
82c863b2c8224cc1a583ea19a9c02716,CDB,Banco Fibra,2030-12-30,PRE,0.135,,1000.0,A-,Crédito bancário,2026-01-05T21:26:58.385362+00:00
7d658e896bbe4900ae14042ef2aff354,CDB,Banco Fibra,2031-06-30,PRE,0.1355,,1000.0,A-,Crédito bancário,2026-01-05T21:26:58.385362+00:00
e911c2d67bf24f54a036e45533419ac9,CDB,Banco Fibra,2031-12-30,PRE,0.136,,1000.0,A-,Crédito bancário,2026-01-05T21:26:58.385362+00:00
6911cc1105204e7cb761badf9a0a2210,CDB,Banco Fibra,2032-12-30,PRE,0.1365,,1000.0,A-,Crédito bancário,2026-01-05T21:26:58.385362+00:00
289cb6da7bab4e18bff625e0d40273bf,CDB,Banco Fibra,2033-12-30,PRE,0.1365,,1000.0,A-,Crédito bancário,2026-01-05T21:26:58.385362+00:00
40159a4a567f44b7b15aeeb6baf9976c,CDB,Banco Fibra,2035-01-02,PRE,0.1365,,1000.0,A-,Crédito bancário,2026-01-05T21:26:58.385362+00:00
3e9fa269d2c8466b820253521156699e,CDB,Banco Fibra,2035-12-31,PRE,0.136,,1000.0,A-,Crédito bancário,2026-01-05T21:26:58.385362+00:00
b1d9018f6a38497784dbfe13272e80b3,CDB,Banco Fibra,2026-12-30,%CDI,0.9849999999999999,,1000.0,A-,Crédito bancário,2026-01-05T21:26:58.385362+00:00
249ecdd3f58b4cd0bdf27c5b74ce9907,CDB,Banco Fibra,2027-06-30,%CDI,0.9849999999999999,,1000.0,A-,Crédito bancário,2026-01-05T21:26:58.385362+00:00
39218141c0b249b0bc7722df62ce4c36,CDB,Banco Fibra,2027-12-30,%CDI,0.9549999999999998,,1000.0,A-,Crédito bancário,2026-01-05T21:26:58.385362+00:00
a220122c2a2e481b93f723b2446972dd,CDB,Banco Fibra,2028-06-30,%CDI,0.9649999999999999,,1000.0,A-,Crédito bancário,2026-01-05T21:26:58.385362+00:00
00c28c2229d242ddac486bfffe289511,CDB,Banco Fibra,2029-01-02,%CDI,0.9749999999999999,,1000.0,A-,Crédito bancário,2026-01-05T21:26:58.385362+00:00
2c60919c6b5847cbb7a38505fc754dcb,CDB,Banco Fibra,2029-07-02,%CDI,0.9749999999999999,,1000.0,A-,Crédito bancário,2026-01-05T21:26:58.385362+00:00
be98212e0bf4487188cd6ef992e6cbb7,CDB,Banco Fibra,2029-12-31,%CDI,0.9849999999999999,,1000.0,A-,Crédito bancário,2026-01-05T21:26:58.385362+00:00
9e1c9577e0aa4613b0d075fc1e34a4b5,CDB,Banco Fibra,2030-07-01,%CDI,0.9849999999999999,,1000.0,A-,Crédito bancário,2026-01-05T21:26:58.385362+00:00
b4a21d23a6304c888fead3f682fad331,CDB,Banco Fibra,2030-12-30,%CDI,0.9849999999999999,,1000.0,A-,Crédito bancário,2026-01-05T21:26:58.385362+00:00
699b91286e48487b9d6ad1fd9382a529,CDB,Banco Fibra,2031-06-30,%CDI,0.9849999999999999,,1000.0,A-,Crédito bancário,2026-01-05T21:26:58.385362+00:00
707aea2a449644d2af82b7471fe86bdb,CDB,Banco Fibra,2031-12-30,%CDI,0.9849999999999999,,1000.0,A-,Crédito bancário,2026-01-05T21:26:58.385362+00:00
6b154e6e70d8463292bf080778209b46,CDB,Banco Fibra,2032-12-30,%CDI,0.9849999999999999,,1000.0,A-,Crédito bancário,2026-01-05T21:26:58.385362+00:00
5ceee879df2f4eb49845e40a5ea82f35,LCA,Banco Fibra,2026-12-30,PRE,0.10300000000000001,,1000.0,A-,Crédito bancário,2026-01-05T21:26:58.385362+00:00
48bc18ac5f344440979693545744a43a,LCA,Banco Fibra,2027-06-30,PRE,0.1,,1000.0,A-,Crédito bancário,2026-01-05T21:26:58.385362+00:00
8c4b4e07759c4546bb8fd6423b5fdb25,LCA,Banco Fibra,2027-12-30,PRE,0.1005,,1000.0,A-,Crédito bancário,2026-01-05T21:26:58.385362+00:00
345a977cb5f1442fbb63e89f9ac5afee,LCA,Banco Fibra,2027-12-30,%CDI,0.76,,1000.0,A-,Crédito bancário,2026-01-05T21:26:58.385362+00:00
123da798913745bea6ea8e1d75d6d574,CDB,Banco Stellantis,2026-01-29,%CDI,0.9879722702531084,,10000.0,AAA,Crédito bancário,2026-01-05T21:26:58.385362+00:00
8978e9a63fbd4556b4d63dd0353e7fd5,CDB,Banco Stellantis,2026-03-02,%CDI,0.9901638626524019,,10000.0,AAA,Crédito bancário,2026-01-05T21:26:58.385362+00:00
68897a259b314092abd043b19a4c3f38,CDB,Banco Stellantis,2026-03-30,%CDI,0.9916564140363602,,10000.0,AAA,Crédito bancário,2026-01-05T21:26:58.385362+00:00
5d1401c881e94617aa78b441bd8260cf,CDB,Banco Stellantis,2026-04-29,%CDI,0.9953554013382163,,10000.0,AAA,Crédito bancário,2026-01-05T21:26:58.385362+00:00
746a74a559db4ba7974ea5cab834a9c6,CDB,Banco Stellantis,2026-06-29,%CDI,0.9971802881081335,,10000.0,AAA,Crédito bancário,2026-01-05T21:26:58.385362+00:00
196c4cfb211c4625a153ca9363a15c31,CDB,Banco Stellantis,2026-12-28,%CDI,1.0046999522649471,,10000.0,AAA,Crédito bancário,2026-01-05T21:26:58.385362+00:00
09e3d0b4069349e5820c13540c421ab2,CDB,Banco Stellantis,2027-06-23,%CDI,1.00817728570131,,10000.0,AAA,Crédito bancário,2026-01-05T21:26:58.385362+00:00
c1019fb1216a4e3b8c8ba5b327b9c36e,CDB,Banco Stellantis,2027-12-20,%CDI,1.010303340309496,,10000.0,AAA,Crédito bancário,2026-01-05T21:26:58.385362+00:00
69ceaa68c44549bb914130ffd92e0b37,CDB,Banco Stellantis,2028-12-14,%CDI,1.022243452498785,,10000.0,AAA,Crédito bancário,2026-01-05T21:26:58.385362+00:00
23a0405ffec9433883f4b0ea42ac1d85,CDB,Banco Stellantis,2029-12-10,%CDI,1.025614539767949,,10000.0,AAA,Crédito bancário,2026-01-05T21:26:58.385362+00:00
346ad38f2ecc40fd8d633a65a2d61148,CDB,Goldman Sachs,2026-03-02,%CDI,0.97,,250000.0,AAA,Crédito bancário,2026-01-05T21:26:58.385362+00:00
201558e0975c435cb30ef480c4f26c29,CDB,Goldman Sachs,2026-03-30,%CDI,0.98,,250000.0,AAA,Crédito bancário,2026-01-05T21:26:58.385362+00:00
a7968d4946a24b689ff292b97340822c,CDB,Goldman Sachs,2026-04-29,%CDI,0.9825,,250000.0,AAA,Crédito bancário,2026-01-05T21:26:58.385362+00:00
0a1097526e454c728d64554ea1b8b7ff,CDB,Goldman Sachs,2026-05-29,%CDI,0.9835,,250000.0,AAA,Crédito bancário,2026-01-05T21:26:58.385362+00:00
d5acb39a853148b9a3fe134ee5011554,CDB,Goldman Sachs,2026-06-29,%CDI,0.9849999999999999,,250000.0,AAA,Crédito bancário,2026-01-05T21:26:58.385362+00:00
67f55750aae84ab8b5a9b310a1be4726,CDB,Goldman Sachs,2026-09-28,%CDI,0.9875,,250000.0,AAA,Crédito bancário,2026-01-05T21:26:58.385362+00:00
518f26f9ce62449487e1b15fbb46194a,CDB,Goldman Sachs,2026-01-29,%CDI,0.96,,250000.0,AAA,Crédito bancário,2026-01-05T21:26:58.385362+00:00
e48001ec0bea4c47b63821d8c6cb5c17,CDB,Goldman Sachs,2026-12-30,%CDI,0.99,,250000.0,AAA,Crédito bancário,2026-01-05T21:26:58.385362+00:00
f79925ea25464fc4b8e6ae93b16ceddb,CDB,Banco Haitong,2026-12-30,PRE,0.1291,,1000.0,AAA,Crédito bancário,2026-01-05T21:26:58.385362+00:00
044e1b739c924174a0969e5ae8deddf6,CDB,Banco Haitong,2027-12-30,PRE,0.1282,,1000.0,AAA,Crédito bancário,2026-01-05T21:26:58.385362+00:00
bb2fd4ea2a504c338a717c3ca628d3f4,CDB,Banco Haitong,2029-01-02,PRE,0.1286,,1000.0,AAA,Crédito bancário,2026-01-05T21:26:58.385362+00:00
f2773f8c078b47e58fd1c4d4d75ed47f,CDB,Banco Haitong,2030-01-02,PRE,0.13019999999999998,,1000.0,AAA,Crédito bancário,2026-01-05T21:26:58.385362+00:00
59ed9d13e11f413583683e7bb3e24c90,CDB,Banco Haitong,2030-12-30,PRE,0.1315,,1000.0,AAA,Crédito bancário,2026-01-05T21:26:58.385362+00:00
cdab5afe74774fb1996a80c67fc1adf7,CDB,Banco Haitong,2026-12-30,IPCA,0.08449999999999999,,1000.0,AAA,Crédito bancário,2026-01-05T21:26:58.385362+00:00
5c65d83a4ab347a69ead8c73850b0d24,CDB,Banco Haitong,2027-12-30,IPCA,0.0761,,1000.0,AAA,Crédito bancário,2026-01-05T21:26:58.385362+00:00
d4358fb7071e4f849065fe5d944dbe4c,CDB,Banco Haitong,2029-01-02,IPCA,0.07339999999999999,,1000.0,AAA,Crédito bancário,2026-01-05T21:26:58.385362+00:00
932664c3c2044d2a9b480e53f702a063,CDB,Banco Haitong,2030-01-02,IPCA,0.07179999999999999,,1000.0,AAA,Crédito bancário,2026-01-05T21:26:58.385362+00:00
71d4fa1f777e4859b8d88682ab145a46,CDB,Banco Haitong,2030-12-30,IPCA,0.0713,,1000.0,AAA,Crédito bancário,2026-01-05T21:26:58.385362+00:00
4d8c043aca40441b8bce2290d940dc63,CDB,Banco ICBC,2026-01-29,%CDI,0.97,,1000.0,AA,Crédito bancário,2026-01-05T21:26:58.385362+00:00
21d524dc59834ef3b4bbac9c2ba7e8f1,CDB,Banco ICBC,2026-03-02,%CDI,0.9749999999999999,,1000.0,AA,Crédito bancário,2026-01-05T21:26:58.385362+00:00
87c98cdfd8194de8bf5c8d3cbec87f12,CDB,Banco ICBC,2026-03-30,%CDI,0.98,,1000.0,AA,Crédito bancário,2026-01-05T21:26:58.385362+00:00
6eb214314ced4df38474d0589912e521,CDB,Banco ICBC,2026-06-29,%CDI,0.9875,,1000.0,AA,Crédito bancário,2026-01-05T21:26:58.385362+00:00
9c5ef99115ca435abcba9ec462fdf605,CDB,Banco Industrial,2028-12-26,CDI+,0.001,,1000.0,Aa2,Crédito bancário,2026-01-05T21:26:58.385362+00:00
00819ad41ae34924b75adafd87ed0df4,CDB,Banco Industrial,2026-12-28,CDI+,0.001,,1000.0,Aa2,Crédito bancário,2026-01-05T21:26:58.385362+00:00
c8ac7894fa044fda8ffcc5c9b8881fc6,CDB,Banco Industrial,2027-12-30,CDI+,0.0025,,1000.0,Aa2,Crédito bancário,2026-01-05T21:26:58.385362+00:00
b42cccc40138484e9697ab38fab5049d,CDB,Banco Industrial,2026-06-30,%CDI,0.97,,1000.0,Aa2,Crédito bancário,2026-01-05T21:26:58.385362+00:00
f6676efdecd34a5e825e443c1502eb0c,CDB,Banco Industrial,2026-09-29,%CDI,0.97,,1000.0,Aa2,Crédito bancário,2026-01-05T21:26:58.385362+00:00
665916c47a504094a00114137ce91593,CDB,Banco Industrial,2026-12-28,%CDI,0.98,,1000.0,Aa2,Crédito bancário,2026-01-05T21:26:58.385362+00:00
40e4887a18d24f2a98dc5a4af76962b3,CDB,Banco Industrial,2027-12-30,%CDI,0.99,,1000.0,Aa2,Crédito bancário,2026-01-05T21:26:58.385362+00:00
04bd594978cf476bb08dda2202746db8,CDB,Banco Industrial,2028-12-26,%CDI,1.0,,1000.0,Aa2,Crédito bancário,2026-01-05T21:26:58.385362+00:00
c23daf45c6b044cda393c78b6dfd3d75,CDB,Banco Industrial,2029-12-31,%CDI,1.005,,1000.0,Aa2,Crédito bancário,2026-01-05T21:26:58.385362+00:00
42a198e529154415a77e6cfc6b1f1305,CDB,Banco Industrial,2030-12-24,%CDI,1.01,,1000.0,Aa2,Crédito bancário,2026-01-05T21:26:58.385362+00:00
e74a3719e15448dfac48dc458f2ff535,CDB,Banco Industrial,2031-12-29,%CDI,1.01,,1000.0,Aa2,Crédito bancário,2026-01-05T21:26:58.385362+00:00
4c69666145344ed2b0c981a70d0ddc8a,CDB,Banco Luso,2026-12-28,%CDI,1.04,,1000.0,BB,Crédito bancário,2026-01-05T21:26:58.385362+00:00
849177c5f03340bbb38c33908a67c02d,CDB,Banco Luso,2027-12-21,%CDI,1.06,,1000.0,BB,Crédito bancário,2026-01-05T21:26:58.385362+00:00
8e3a4a3106694a0bb68b0816940c81c3,CDB,Banco Luso,2028-12-14,%CDI,1.09,,1000.0,BB,Crédito bancário,2026-01-05T21:26:58.385362+00:00
c8b30e364daa4a3b8851b90dd2aaca14,CDB,Banco Luso,2029-12-10,%CDI,1.07,,1000.0,BB,Crédito bancário,2026-01-05T21:26:58.385362+00:00
232231e9e8214a6387739837b210be35,CDB,Banco Luso,2030-12-04,%CDI,1.07,,1000.0,BB,Crédito bancário,2026-01-05T21:26:58.385362+00:00
d4a301b6040d4d87bff074a28988ac00,CDB,Mercado Crédito (Mercado Livre),2026-06-29,%CDI,0.988,,5000.0,AAA,Crédito bancário,2026-01-05T21:26:58.385362+00:00
894a4493109b40b68c20ba30ebacd7c9,CDB,Mercado Crédito (Mercado Livre),2027-12-20,%CDI,0.9949999999999999,,5000.0,AAA,Crédito bancário,2026-01-05T21:26:58.385362+00:00
e860405075a946418cfdb782f4a8b279,CDB,Mercado Crédito (Mercado Livre),2026-03-30,PRE,0.1461,,5000.0,AAA,Crédito bancário,2026-01-05T21:26:58.385362+00:00
4cfa6232b50947e3b6839b69bb451075,CDB,Mercado Crédito (Mercado Livre),2026-12-24,PRE,0.1362,,5000.0,AAA,Crédito bancário,2026-01-05T21:26:58.385362+00:00
f329e4aa92c741419b89cbc9d22c0429,CDB,Mercado Crédito (Mercado Livre),2026-01-28,%CDI,0.9749999999999999,,5000.0,AAA,Crédito bancário,2026-01-05T21:26:58.385362+00:00
4540acd4440d4aeda22c73d660ba89a9,CDB,Mercado Crédito (Mercado Livre),2026-07-27,%CDI,0.9889999999999999,,5000.0,AAA,Crédito bancário,2026-01-05T21:26:58.385362+00:00
5476f72726994adb88e41fa24da11e91,CDB,Mercado Crédito (Mercado Livre),2028-06-16,%CDI,0.9869999999999999,,5000.0,AAA,Crédito bancário,2026-01-05T21:26:58.385362+00:00
af5ebbec1eac4aed9edc64b1f2f83002,CDB,Mercado Crédito (Mercado Livre),2026-04-28,PRE,0.1456,,5000.0,AAA,Crédito bancário,2026-01-05T21:26:58.385362+00:00
176a88227a31481394cd333f180a9eb3,CDB,Mercado Crédito (Mercado Livre),2026-02-27,%CDI,0.98,,5000.0,AAA,Crédito bancário,2026-01-05T21:26:58.385362+00:00
8699ef42e7274b3b83b3385eb2dafa64,CDB,Mercado Crédito (Mercado Livre),2026-08-26,%CDI,0.99,,5000.0,AAA,Crédito bancário,2026-01-05T21:26:58.385362+00:00
37cb66a5a1324c3697f0274706ec70bf,CDB,Mercado Crédito (Mercado Livre),2028-12-13,%CDI,0.9869999999999999,,5000.0,AAA,Crédito bancário,2026-01-05T21:26:58.385362+00:00
2137d5e13d2e4d579aa3bfccf262d26a,CDB,Mercado Crédito (Mercado Livre),2026-06-29,PRE,0.1433,,5000.0,AAA,Crédito bancário,2026-01-05T21:26:58.385362+00:00
8510d7cfcd9f410ea25699cb1d702b51,CDB,Mercado Crédito (Mercado Livre),2026-03-30,%CDI,0.9849999999999999,,5000.0,AAA,Crédito bancário,2026-01-05T21:26:58.385362+00:00
7c51f05a10aa467e9ed744c7cb29f089,CDB,Mercado Crédito (Mercado Livre),2026-12-24,%CDI,0.991,,5000.0,AAA,Crédito bancário,2026-01-05T21:26:58.385362+00:00
d9229aa6870249259a1f9e0f8783aa12,CDB,Mercado Crédito (Mercado Livre),2026-01-28,PRE,0.1454,,5000.0,AAA,Crédito bancário,2026-01-05T21:26:58.385362+00:00
12faaf9ee6ee4b20a7570523eae2aa03,CDB,Mercado Crédito (Mercado Livre),2026-07-27,PRE,0.1422,,5000.0,AAA,Crédito bancário,2026-01-05T21:26:58.385362+00:00
d1789b7e81504394aaeb4109923b9d5c,CDB,Mercado Crédito (Mercado Livre),2026-04-28,%CDI,0.9849999999999999,,5000.0,AAA,Crédito bancário,2026-01-05T21:26:58.385362+00:00
0abc418dc5f744fb8a56dbe09f6573ec,CDB,Mercado Crédito (Mercado Livre),2027-06-22,%CDI,0.9940000000000001,,5000.0,AAA,Crédito bancário,2026-01-05T21:26:58.385362+00:00
89fc7279024d4c04a9755372fe9460b7,CDB,Mercado Crédito (Mercado Livre),2026-02-27,PRE,0.1458,,5000.0,AAA,Crédito bancário,2026-01-05T21:26:58.385362+00:00
02c2b94281eb43f58e332031e12be346,CDB,Mercado Crédito (Mercado Livre),2026-08-26,PRE,0.1409,,5000.0,AAA,Crédito bancário,2026-01-05T21:26:58.385362+00:00
df539acd59f143df80e0fadd1756c39f,CDB,Banco Mercantil,2027-12-30,IPCA,0.0653,,5000.0,A+,Crédito bancário,2026-01-05T21:26:58.385362+00:00
8b4031fefe9348e5ac2137537a34cc52,CDB,Banco Mercantil,2028-12-29,%CDI,1.0125,,5000.0,A+,Crédito bancário,2026-01-05T21:26:58.385362+00:00
da5b4b49c1b640679bac25f585aa0c8b,CDB,Banco Mercantil,2028-12-29,IPCA,0.0645,,5000.0,A+,Crédito bancário,2026-01-05T21:26:58.385362+00:00
9738f4341c8849c18bfbed14ee94a6a9,CDB,Banco Mercantil,2029-12-31,%CDI,1.0155,,5000.0,A+,Crédito bancário,2026-01-05T21:26:58.385362+00:00
a5be95820f204af7940042a97e9bf5b4,CDB,Banco Mercantil,2029-12-31,IPCA,0.0625,,5000.0,A+,Crédito bancário,2026-01-05T21:26:58.385362+00:00
7e175010252544c7a628c9369a9f584b,CDB,Banco Mercantil,2030-12-30,%CDI,1.0095,,5000.0,A+,Crédito bancário,2026-01-05T21:26:58.385362+00:00
f3ddd9e798694cc5824cfc1f6fadc9dd,CDB,Banco Mercantil,2026-12-30,PRE,0.12140000000000001,,5000.0,A+,Crédito bancário,2026-01-05T21:26:58.385362+00:00
aa973d44f2f3453d979a3557423b2153,CDB,Banco Mercantil,2027-12-30,PRE,0.11560000000000001,,5000.0,A+,Crédito bancário,2026-01-05T21:26:58.385362+00:00
dc73f4ec3a4d4693a886a8efcd375cbc,CDB,Banco Mercantil,2028-12-29,PRE,0.1161,,5000.0,A+,Crédito bancário,2026-01-05T21:26:58.385362+00:00
2f9d244164874eed8cd62aab72395db1,CDB,Banco Mercantil,2029-12-31,PRE,0.1176,,5000.0,A+,Crédito bancário,2026-01-05T21:26:58.385362+00:00
9c38e87d17234348a968726faad841df,CDB,Banco Mercantil,2030-12-30,IPCA,0.06210000000000001,,5000.0,A+,Crédito bancário,2026-01-05T21:26:58.385362+00:00
132ededda6864d99b6b6a2819df06f46,CDB,Banco Mercantil,2030-12-30,PRE,0.11869999999999999,,5000.0,A+,Crédito bancário,2026-01-05T21:26:58.385362+00:00
cbab83b39a4d459580f543704364c35e,CDB,Banco Mercantil,2026-12-30,%CDI,0.988,,5000.0,A+,Crédito bancário,2026-01-05T21:26:58.385362+00:00
b1c8a214cd41462ca35501ac322382c9,CDB,Banco Mercantil,2026-12-30,IPCA,0.0767,,5000.0,A+,Crédito bancário,2026-01-05T21:26:58.385362+00:00
e9f24808086a45b6b0d772b06e2be271,CDB,Banco Mercantil,2027-12-30,%CDI,1.0115,,5000.0,A+,Crédito bancário,2026-01-05T21:26:58.385362+00:00
d05f7fc6ec774eecb049e6d0f0f75481,CDB,Midway Riachuelo,2028-12-29,%CDI,1.02,,1000.0,-,Crédito bancário,2026-01-05T21:26:58.385362+00:00
5a935cb4aae2415d8829f56845542ba7,CDB,Midway Riachuelo,2029-12-28,%CDI,1.02,,1000.0,-,Crédito bancário,2026-01-05T21:26:58.385362+00:00
0a959342ebed48708984c342fe9d7e32,CDB,Midway Riachuelo,2030-12-30,%CDI,1.02,,1000.0,-,Crédito bancário,2026-01-05T21:26:58.385362+00:00
f3e5a95beec6414d98c0d6bef52cffe6,CDB,Neon Financeira,2026-06-29,%CDI,0.9949999999999999,,1000.0,-,Crédito bancário,2026-01-05T21:26:58.385362+00:00
2cc4dd5dbe43436991eb61f702e80726,CDB,Neon Financeira,2026-12-30,%CDI,0.9975,,1000.0,-,Crédito bancário,2026-01-05T21:26:58.385362+00:00
7d1cd7268baf491690a73f53f8ee1d09,CDB,Neon Financeira,2027-06-23,%CDI,1.005,,1000.0,-,Crédito bancário,2026-01-05T21:26:58.385362+00:00
7a52b766b0de44b8b830a789db9e508e,CDB,Neon Financeira,2027-12-30,%CDI,1.01,,1000.0,-,Crédito bancário,2026-01-05T21:26:58.385362+00:00
9ece32e294b741268edc2a22d959b5d9,CDB,Neon Financeira,2028-06-19,%CDI,1.015,,1000.0,-,Crédito bancário,2026-01-05T21:26:58.385362+00:00
b3b6a3f05d5b45239cbcd87ed53d76a1,CDB,Neon Financeira,2028-12-29,%CDI,1.02,,1000.0,-,Crédito bancário,2026-01-05T21:26:58.385362+00:00
cdb0fc863fee4e9cb2dce23b856633e7,CDB,Omni CFI,2028-12-29,%CDI,1.03,,1000.0,BBB,Crédito bancário,2026-01-05T21:26:58.385362+00:00
8478457ed0f1406daed2246e2f7270de,CDB,Omni CFI,2026-12-29,PRE,0.1368,,1000.0,BBB,Crédito bancário,2026-01-05T21:26:58.385362+00:00
e38aeb6117b6433b921387d814a6d594,CDB,Omni CFI,2027-12-29,PRE,0.1315,,1000.0,BBB,Crédito bancário,2026-01-05T21:26:58.385362+00:00
2c1a19928700442aa920a11ec7be22be,CDB,Omni CFI,2028-12-29,PRE,0.132,,1000.0,BBB,Crédito bancário,2026-01-05T21:26:58.385362+00:00
da484089e87343b9a952414762d807a4,CDB,Omni CFI,2026-12-29,%CDI,1.01,,1000.0,BBB,Crédito bancário,2026-01-05T21:26:58.385362+00:00
99200b398f7148d3b511ebc1d420cdfb,CDB,Omni CFI,2027-12-29,%CDI,1.02,,1000.0,BBB,Crédito bancário,2026-01-05T21:26:58.385362+00:00
d0ffb91181e546f8aa6f02a294caadda,LCI,OXY COMPANHIA HIPOTECÁRIA,2027-12-30,IPCA,0.063,,1000.0,-,Crédito bancário,2026-01-05T21:26:58.385362+00:00
d135779284b34a2194c85d40e741c132,LCI,OXY COMPANHIA HIPOTECÁRIA,2029-01-02,IPCA,0.067,,1000.0,-,Crédito bancário,2026-01-05T21:26:58.385362+00:00
95f92c50dbdf4f73913e431ff2802b0a,LCI,OXY COMPANHIA HIPOTECÁRIA,2030-01-02,IPCA,0.0705,,1000.0,-,Crédito bancário,2026-01-05T21:26:58.385362+00:00
158772a9a00f466e9aab4cf36d419fb2,LCI,OXY COMPANHIA HIPOTECÁRIA,2030-12-30,IPCA,0.071,,1000.0,-,Crédito bancário,2026-01-05T21:26:58.385362+00:00
79755686c6d84ed6be42824dbd08d6c4,LCI,OXY COMPANHIA HIPOTECÁRIA,2026-12-30,%CDI,0.84,,1000.0,-,Crédito bancário,2026-01-05T21:26:58.385362+00:00
d7f0f1f7bd2a463c983621537bb3cf99,LCI,OXY COMPANHIA HIPOTECÁRIA,2027-12-30,%CDI,0.84,,1000.0,-,Crédito bancário,2026-01-05T21:26:58.385362+00:00
7f00f0e3936448d58d7d0ba4c1534433,LCI,OXY COMPANHIA HIPOTECÁRIA,2026-12-30,IPCA,0.06200000000000001,,1000.0,-,Crédito bancário,2026-01-05T21:26:58.385362+00:00
b69cf83f72004de3bb16ff6ddfe1c41e,CDB,Ouribank,2026-03-30,%CDI,0.98,,1000.0,-,Crédito bancário,2026-01-05T21:26:58.385362+00:00
581f9b60094f4cf58f827850dd619caf,CDB,Ouribank,2026-04-29,%CDI,0.98,,1000.0,-,Crédito bancário,2026-01-05T21:26:58.385362+00:00
5b93575f23ac406b921dcc07df1e1ea9,CDB,Ouribank,2026-05-29,%CDI,0.98,,1000.0,-,Crédito bancário,2026-01-05T21:26:58.385362+00:00
4fe14f0141e641fba2517a225e449348,CDB,Ouribank,2026-06-29,%CDI,0.98,,1000.0,-,Crédito bancário,2026-01-05T21:26:58.385362+00:00
582a96ffbefb4ad0995176a6736cb451,CDB,Ouribank,2026-12-31,%CDI,1.02,,1000.0,-,Crédito bancário,2026-01-05T21:26:58.385362+00:00
47b7ace6b62f4d4a9d92d5e9d04eefd8,CDB,Ouribank,2027-12-31,%CDI,1.04,,1000.0,-,Crédito bancário,2026-01-05T21:26:58.385362+00:00
580e3c53cab847ffb41f63bff7842787,CDB,Ouribank,2029-12-31,%CDI,1.04,,1000.0,-,Crédito bancário,2026-01-05T21:26:58.385362+00:00
83fdfac713fd445e8280fff05f18b789,CDB,Ouribank,2030-12-30,%CDI,1.04,,1000.0,-,Crédito bancário,2026-01-05T21:26:58.385362+00:00
d5f03c45ecfe492e9eb528295e7d8742,CDB,Ouribank,2031-12-29,%CDI,1.04,,1000.0,-,Crédito bancário,2026-01-05T21:26:58.385362+00:00
f5aaaa4222bc4b7cb83d2b687961dc65,CDB,Ouribank,2032-12-28,%CDI,1.04,,1000.0,-,Crédito bancário,2026-01-05T21:26:58.385362+00:00
582595e7b2c84a26ba7e4157fb2cb3ac,CDB,Ouribank,2033-12-28,%CDI,1.035,,1000.0,-,Crédito bancário,2026-01-05T21:26:58.385362+00:00
9fcfe8eb4a994952b74b9c11febb9d78,CDB,Ouribank,2034-12-28,%CDI,1.035,,1000.0,-,Crédito bancário,2026-01-05T21:26:58.385362+00:00
2af54131d13f4b0e8102facafe5d7275,CDB,Ouribank,2035-12-28,%CDI,1.035,,1000.0,-,Crédito bancário,2026-01-05T21:26:58.385362+00:00
03abdcb978a34af3ba406ae25a7fc473,CDB,Ouribank,2026-04-29,PRE,0.138,,1000.0,-,Crédito bancário,2026-01-05T21:26:58.385362+00:00
9e58821879c44f6aad9042012017bdf3,CDB,Ouribank,2026-05-29,PRE,0.13699999999999998,,1000.0,-,Crédito bancário,2026-01-05T21:26:58.385362+00:00
3092c9b292194ff7b7863caaaac4bd45,CDB,Ouribank,2026-06-29,PRE,0.1355,,1000.0,-,Crédito bancário,2026-01-05T21:26:58.385362+00:00
34ad0ca959ec466fb232f103525438be,CDB,Ouribank,2026-12-31,PRE,0.1275,,1000.0,-,Crédito bancário,2026-01-05T21:26:58.385362+00:00
e2301e6efc5b4fbbb74bb197cf425fc5,CDB,Ouribank,2029-01-02,PRE,0.121,,1000.0,-,Crédito bancário,2026-01-05T21:26:58.385362+00:00
dab505c2ef45481db6357a91eca49162,CDB,Ouribank,2029-12-31,PRE,0.12300000000000001,,1000.0,-,Crédito bancário,2026-01-05T21:26:58.385362+00:00
cb9cc61d9e2b45ed83ed0688b6421b5d,CDB,Ouribank,2030-12-30,PRE,0.124,,1000.0,-,Crédito bancário,2026-01-05T21:26:58.385362+00:00
a03b39e6861242d3b08bf12df223410b,CDB,Ouribank,2031-12-29,PRE,0.125,,1000.0,-,Crédito bancário,2026-01-05T21:26:58.385362+00:00
0631bff6b7574c69b778a193bb563758,CDB,Ouribank,2026-12-30,IPCA,0.0885,,1000.0,-,Crédito bancário,2026-01-05T21:26:58.385362+00:00
d928d11f036d4faab1187ca35a4ef511,CDB,Ouribank,2027-12-30,IPCA,0.078,,1000.0,-,Crédito bancário,2026-01-05T21:26:58.385362+00:00
53f7212250ad4aa9bed0fb1c0e758564,CDB,Ouribank,2030-12-30,IPCA,0.0725,,1000.0,-,Crédito bancário,2026-01-05T21:26:58.385362+00:00
d58a87a52bd940f7a9faa4a9736ee0a7,CDB,Ouribank,2031-12-30,IPCA,0.07149999999999998,,1000.0,-,Crédito bancário,2026-01-05T21:26:58.385362+00:00
e4d77e24d79e45b286690435a4f30bcc,CDB,Banco Pan,2026-01-30,%CDI,1.0075,,1000.0,AAA,Crédito bancário,2026-01-05T21:26:58.385362+00:00
a67ff785e9c944acb9d5086161dd7e68,CDB,Banco Pan,2029-01-02,CDI+,0.0031,,1000.0,AAA,Crédito bancário,2026-01-05T21:26:58.385362+00:00
5af2726cb1ca4008bc9eca9066564551,CDB,Banco Pan,2030-12-30,IPCA,0.07369999999999999,,1000.0,AAA,Crédito bancário,2026-01-05T21:26:58.385362+00:00
79e4715d5e5343a7b8b2d83884fc2e21,CDB,Banco Pan,2029-01-02,%CDI,1.025,,1000.0,AAA,Crédito bancário,2026-01-05T21:26:58.385362+00:00
7a2fb1f0499e43509c33f2250d24a821,CDB,Banco Pan,2029-01-02,PRE,0.1281,,1000.0,AAA,Crédito bancário,2026-01-05T21:26:58.385362+00:00
23352e70e5f74354844710f8dc9f07af,CDB,Banco Pan,2027-06-30,CDI+,0.0025,,1000.0,AAA,Crédito bancário,2026-01-05T21:26:58.385362+00:00
ab5c27945e524da1aa1a2f68537bf07f,CDB,Banco Pan,2027-12-30,PRE,0.1311,,1000.0,AAA,Crédito bancário,2026-01-05T21:26:58.385362+00:00
beeb9a584255433a982c07b67afdb21a,CDB,Banco Pan,2029-12-31,%CDI,1.03,,1000.0,AAA,Crédito bancário,2026-01-05T21:26:58.385362+00:00
2181be034b7444218230a1f8722018ab,CDB,Banco Pan,2028-06-30,PRE,0.1313,,1000.0,AAA,Crédito bancário,2026-01-05T21:26:58.385362+00:00
f7d0d4bacfc74ffebb2e5970e2e405f3,CDB,Banco Pan,2029-12-31,CDI+,0.0038,,1000.0,AAA,Crédito bancário,2026-01-05T21:26:58.385362+00:00
c32a28e1482540ee9eb087763f2df1ed,CDB,Banco Pan,2026-12-30,%CDI,1.02,,1000.0,AAA,Crédito bancário,2026-01-05T21:26:58.385362+00:00
f2c6d536cc82491aba77865123db9683,CDB,Banco Pan,2030-12-30,PRE,0.1321,,1000.0,AAA,Crédito bancário,2026-01-05T21:26:58.385362+00:00
3f1e2297fbc4424d883d9c19428ff594,CDB,Banco Pan,2026-12-30,IPCA,0.0958,,1000.0,AAA,Crédito bancário,2026-01-05T21:26:58.385362+00:00
a24c0d58d9bd4af2a3ea0e02df3c9ca0,CDB,Banco Pan,2026-01-30,CDI+,0.001,,1000.0,AAA,Crédito bancário,2026-01-05T21:26:58.385362+00:00
b83be344afbb40479683beb7eefd0d3b,CDB,Banco Pan,2026-12-30,PRE,0.1377,,1000.0,AAA,Crédito bancário,2026-01-05T21:26:58.385362+00:00
952dad4adb7c4beaacc2792908c4ee82,CDB,Banco Pan,2028-06-30,CDI+,0.0028000000000000004,,1000.0,AAA,Crédito bancário,2026-01-05T21:26:58.385362+00:00
8911e1ce69314d21ac2e17b09ea0a327,CDB,Banco Pan,2026-03-30,PRE,0.1475,,1000.0,AAA,Crédito bancário,2026-01-05T21:26:58.385362+00:00
084f34386b604bdd8ff5dcb6ca2f2076,CDB,Banco Pan,2028-06-30,%CDI,1.0225,,1000.0,AAA,Crédito bancário,2026-01-05T21:26:58.385362+00:00
9296bf83613a4cff9f31b317af6e8cbe,CDB,Banco Pan,2030-12-30,%CDI,1.0325,,1000.0,AAA,Crédito bancário,2026-01-05T21:26:58.385362+00:00
5919f02da92a45b7ba64024b2f51cf91,CDB,Banco Pan,2026-04-30,CDI+,0.0025,,1000.0,AAA,Crédito bancário,2026-01-05T21:26:58.385362+00:00
04bd311faf144c9c8b6ed5df4258bc05,LF,Banco Pan,2027-12-30,PRE,0.1332,,50000.0,AAA,Crédito bancário,2026-01-05T21:26:58.385362+00:00
1fa0d7a73e514e7c9b224874da07479d,LF,Banco Pan,2028-06-30,PRE,0.1336,,50000.0,AAA,Crédito bancário,2026-01-05T21:26:58.385362+00:00
bf9c3dbb8dc3417f9199382d1f840127,LF,Banco Pan,2029-01-02,PRE,0.13470000000000001,,50000.0,AAA,Crédito bancário,2026-01-05T21:26:58.385362+00:00
4b211b44c96d4bfc8a975f4f4cfbe087,LF,Banco Pan,2029-12-31,PRE,0.1374,,50000.0,AAA,Crédito bancário,2026-01-05T21:26:58.385362+00:00
2251d68d222e4a589528976eb93eb351,LF,Banco Pan,2030-12-30,PRE,0.1392,,50000.0,AAA,Crédito bancário,2026-01-05T21:26:58.385362+00:00
69d2fe46d4c244cabb647767a4dbaf80,LF,Banco Pan,2027-12-30,IPCA,0.0852,,50000.0,AAA,Crédito bancário,2026-01-05T21:26:58.385362+00:00
46a62e5da6884f228b839c460b04b614,LF,Banco Pan,2029-01-02,IPCA,0.083,,50000.0,AAA,Crédito bancário,2026-01-05T21:26:58.385362+00:00
eaa1e423eb9143fd9ee29ade409f763b,LF,Banco Pan,2029-12-31,IPCA,0.0824,,50000.0,AAA,Crédito bancário,2026-01-05T21:26:58.385362+00:00
ae6701b3b9f84c4992b7cfea3a008fce,LF,Banco Pan,2030-12-30,IPCA,0.0817,,50000.0,AAA,Crédito bancário,2026-01-05T21:26:58.385362+00:00
b8845c40e78c40a098c3bedc129c0c28,LF,Banco Pan,2027-12-30,%CDI,1.0273999999999999,,50000.0,AAA,Crédito bancário,2026-01-05T21:26:58.385362+00:00
7e291f8034c84cbbba2ba4c03bb45bd1,LF,Banco Pan,2028-06-30,%CDI,1.0307,,50000.0,AAA,Crédito bancário,2026-01-05T21:26:58.385362+00:00
ad2efaa6e48d4be5a9419eb2cc5a8716,LF,Banco Pan,2029-01-02,%CDI,1.0346,,50000.0,AAA,Crédito bancário,2026-01-05T21:26:58.385362+00:00
fb443e0a99c3492d8332ab25763c456b,LF,Banco Pan,2029-12-31,%CDI,1.0421,,50000.0,AAA,Crédito bancário,2026-01-05T21:26:58.385362+00:00
b8f763895a5643638bd2628e1b3d194b,LF,Banco Pan,2030-12-30,%CDI,1.0456999999999999,,50000.0,AAA,Crédito bancário,2026-01-05T21:26:58.385362+00:00
2bbe1c23f47548dcb99284d124818cd4,LF,Banco Pan,2027-12-30,CDI+,0.0034999999999999996,,50000.0,AAA,Crédito bancário,2026-01-05T21:26:58.385362+00:00
a80a6c689166494c8297804963875328,LF,Banco Pan,2028-06-30,CDI+,0.004,,50000.0,AAA,Crédito bancário,2026-01-05T21:26:58.385362+00:00
b8c816711b994d9ab0171c783248c5b9,LF,Banco Pan,2029-01-02,CDI+,0.0045000000000000005,,50000.0,AAA,Crédito bancário,2026-01-05T21:26:58.385362+00:00
620820fcf9a34e9ab5ac8382d1b68a4d,LF,Banco Pan,2029-12-31,CDI+,0.0055,,50000.0,AAA,Crédito bancário,2026-01-05T21:26:58.385362+00:00
53f647da2db54d75a0451822eb62b516,LF,Banco Pan,2030-12-30,CDI+,0.006,,50000.0,AAA,Crédito bancário,2026-01-05T21:26:58.385362+00:00
be109735530e4cd1bcb95084524b72f7,CDB,Banco Pan,2026-04-30,PRE,0.1467,,1000.0,AAA,Crédito bancário,2026-01-05T21:26:58.385362+00:00
733f1027b51040b68ef73fd27593741c,CDB,Banco Pan,2026-06-30,CDI+,0.0026,,1000.0,AAA,Crédito bancário,2026-01-05T21:26:58.385362+00:00
06cb3173afb8459984dfb7a8f6012c97,CDB,Banco Pan,2027-12-30,CDI+,0.0025,,1000.0,AAA,Crédito bancário,2026-01-05T21:26:58.385362+00:00
dc6a2ca8e54d4eaa889261113d231188,CDB,Banco Pan,2026-03-02,CDI+,0.0017000000000000001,,1000.0,AAA,Crédito bancário,2026-01-05T21:26:58.385362+00:00
bae102f11e2d498ca0de766894786f07,CDB,Banco Pan,2027-12-30,IPCA,0.08199999999999999,,1000.0,AAA,Crédito bancário,2026-01-05T21:26:58.385362+00:00
5ae3b8ac0a0e447ab18cdcf5c5d3606e,CDB,Banco Pan,2027-06-30,%CDI,1.02,,1000.0,AAA,Crédito bancário,2026-01-05T21:26:58.385362+00:00
3bba5a9e9ed74ca5ad0bb59b8733b65f,CDB,Banco Pan,2029-12-31,PRE,0.1305,,1000.0,AAA,Crédito bancário,2026-01-05T21:26:58.385362+00:00
8a0fc43063ba449c9da2dd3d2450789d,CDB,Banco Pan,2026-03-30,%CDI,1.0175,,1000.0,AAA,Crédito bancário,2026-01-05T21:26:58.385362+00:00
b53ce6a4451b46d79fff93516703e003,CDB,Banco Pan,2027-06-30,PRE,0.1331,,1000.0,AAA,Crédito bancário,2026-01-05T21:26:58.385362+00:00
48c4fa4ee1f241c4ab0ceab17210df8c,CDB,Banco Pan,2026-06-30,PRE,0.1449,,1000.0,AAA,Crédito bancário,2026-01-05T21:26:58.385362+00:00
6dcb7a78513d47fd8fb3675bff6185fb,CDB,Banco Pan,2026-12-30,CDI+,0.0026,,1000.0,AAA,Crédito bancário,2026-01-05T21:26:58.385362+00:00
83c276ad069d4bdcb2b08c867afb45f2,CDB,Banco Pan,2026-03-02,%CDI,1.0125,,1000.0,AAA,Crédito bancário,2026-01-05T21:26:58.385362+00:00
1f3990bbbd52476a83e4014781eae958,CDB,Banco Pan,2026-03-30,CDI+,0.0024,,1000.0,AAA,Crédito bancário,2026-01-05T21:26:58.385362+00:00
2cb5923b22d34d84aa2eeab0a80bd0f0,CDB,Banco Pan,2029-01-02,IPCA,0.0755,,1000.0,AAA,Crédito bancário,2026-01-05T21:26:58.385362+00:00
ad01abfd139649ca88a0f4384c0984ae,CDB,Banco Pan,2029-12-31,IPCA,0.0745,,1000.0,AAA,Crédito bancário,2026-01-05T21:26:58.385362+00:00
a8c0df3e1ebf49079492bf19b0a07101,CDB,Banco Pan,2027-12-30,%CDI,1.02,,1000.0,AAA,Crédito bancário,2026-01-05T21:26:58.385362+00:00
2f81d5bb17f649af958438d26c8d16e2,CDB,Banco Pan,2026-04-30,%CDI,1.018,,1000.0,AAA,Crédito bancário,2026-01-05T21:26:58.385362+00:00
6465ad900c134d25913445a75a7b0b08,CDB,Banco Pan,2030-12-30,CDI+,0.004100000000000001,,1000.0,AAA,Crédito bancário,2026-01-05T21:26:58.385362+00:00
80e3b2f0b6404cbb8383299c8459b9aa,CDB,Banco Pan,2026-06-30,%CDI,1.0190000000000001,,1000.0,AAA,Crédito bancário,2026-01-05T21:26:58.385362+00:00
1445b9301dbe4101ac3d3d9c16c75c6a,CDB,Picpay,2026-12-30,PRE,0.1426,,1000.0,A,Crédito bancário,2026-01-05T21:26:58.385362+00:00
1176b9c38cb54bc3a3e519c729dadf85,CDB,Picpay,2027-06-30,PRE,0.1389,,1000.0,A,Crédito bancário,2026-01-05T21:26:58.385362+00:00
50c49c15cf1744b5a274d679109a6025,CDB,Picpay,2027-12-30,PRE,0.1389,,1000.0,A,Crédito bancário,2026-01-05T21:26:58.385362+00:00
19d0309ddee44a47b81a4af0299f2fe5,CDB,Picpay,2029-01-02,PRE,0.1398,,1000.0,A,Crédito bancário,2026-01-05T21:26:58.385362+00:00
e894d0c515bf487f99ed7c4e2562d352,CDB,Picpay,2029-12-31,PRE,0.1419,,1000.0,A,Crédito bancário,2026-01-05T21:26:58.385362+00:00
5aa38a32acf84892bf3cf7350e9eab40,CDB,Picpay,2030-12-30,PRE,0.1438,,1000.0,A,Crédito bancário,2026-01-05T21:26:58.385362+00:00
930f3ebdb6af437d9363a37a8cf1a999,CDB,Picpay,2026-12-30,%CDI,1.0275,,1000.0,A,Crédito bancário,2026-01-05T21:26:58.385362+00:00
f53637588cf745a9b1bcb3e3c444bc22,CDB,Picpay,2027-12-30,%CDI,1.0525,,1000.0,A,Crédito bancário,2026-01-05T21:26:58.385362+00:00
669d9706939948c0916e40f547713666,CDB,Picpay,2029-01-02,%CDI,1.0575,,1000.0,A,Crédito bancário,2026-01-05T21:26:58.385362+00:00
5340b652fb7f45ae898eeec9f3b223be,CDB,Pagbank (Banco Seguro),2026-01-29,%CDI,0.9775,,1000.0,AAA,Crédito bancário,2026-01-05T21:26:58.385362+00:00
482446cbfcfd416fb7eb0bcfb654d402,CDB,Pagbank (Banco Seguro),2026-03-02,%CDI,0.9825,,1000.0,AAA,Crédito bancário,2026-01-05T21:26:58.385362+00:00
3e408db87d7f4e6e9ea0860d2af263e9,CDB,Pagbank (Banco Seguro),2026-03-30,%CDI,0.9875,,1000.0,AAA,Crédito bancário,2026-01-05T21:26:58.385362+00:00
7e1dd68c229b42c686427c66f28f9afa,CDB,Pagbank (Banco Seguro),2026-04-29,%CDI,0.9925,,1000.0,AAA,Crédito bancário,2026-01-05T21:26:58.385362+00:00
bad4822f4f1242d98dd06ff46edf980e,CDB,Pagbank (Banco Seguro),2026-06-29,%CDI,0.9975,,1000.0,AAA,Crédito bancário,2026-01-05T21:26:58.385362+00:00
27ce0ed87f174b1cb2bbf8f934bacdff,CDB,Pagbank (Banco Seguro),2026-12-28,%CDI,1.0,,1000.0,AAA,Crédito bancário,2026-01-05T21:26:58.385362+00:00
cb4800b742654683bfee4964698de65a,CDB,Paraná Banco,2026-03-30,%CDI,0.9764999999999999,,1000.0,AA+,Crédito bancário,2026-01-05T21:26:58.385362+00:00
67783840ff2942258fa3535a08baf2a2,CDB,Paraná Banco,2026-03-30,PRE,0.1433,,1000.0,AA+,Crédito bancário,2026-01-05T21:26:58.385362+00:00
92ef9647a35945648bc0c479923fee27,CDB,Paraná Banco,2026-04-29,%CDI,0.9789999999999999,,1000.0,AA+,Crédito bancário,2026-01-05T21:26:58.385362+00:00
8cbbe1ccc26742cc8eb4be3811801dbb,CDB,Paraná Banco,2026-04-29,PRE,0.1427,,1000.0,AA+,Crédito bancário,2026-01-05T21:26:58.385362+00:00
2fc7dcdbc88342cb9a620b57e7bb4c55,CDB,Paraná Banco,2026-06-29,%CDI,0.9815,,1000.0,AA+,Crédito bancário,2026-01-05T21:26:58.385362+00:00
447ce4d5cb864d569a1666de7114501b,CDB,Paraná Banco,2026-06-29,PRE,0.1405,,1000.0,AA+,Crédito bancário,2026-01-05T21:26:58.385362+00:00
f7b1930879044cce95f6a9bc271d7b18,CDB,Paraná Banco,2026-12-30,%CDI,0.9840000000000001,,1000.0,AA+,Crédito bancário,2026-01-05T21:26:58.385362+00:00
bcff06681fb24af8aeaecac2d4330a09,CDB,Paraná Banco,2026-12-30,PRE,0.1331,,1000.0,AA+,Crédito bancário,2026-01-05T21:26:58.385362+00:00
9b3aa821d93f4342884dccd406559326,CDB,Paraná Banco,2026-12-30,IPCA,0.0774,,1000.0,AA+,Crédito bancário,2026-01-05T21:26:58.385362+00:00
33bb7b3430794a71b27253dfcec00d23,CDB,Paraná Banco,2027-12-21,%CDI,0.996,,1000.0,AA+,Crédito bancário,2026-01-05T21:26:58.385362+00:00
2bd3c8470b3543a498578b999ed9ae69,CDB,Paraná Banco,2027-12-21,PRE,0.1266,,1000.0,AA+,Crédito bancário,2026-01-05T21:26:58.385362+00:00
b6c823a5cd8046e4addcad6fb73461a9,CDB,Paraná Banco,2027-12-21,IPCA,0.0764,,1000.0,AA+,Crédito bancário,2026-01-05T21:26:58.385362+00:00
8a987b007b5b4915ba48c7eae36a1136,CDB,Paraná Banco,2028-06-29,%CDI,0.9840000000000001,,1000.0,AA+,Crédito bancário,2026-01-05T21:26:58.385362+00:00
84ef2ff34b9c4d26b913a27119378fb6,CDB,Paraná Banco,2028-06-29,PRE,0.1265,,1000.0,AA+,Crédito bancário,2026-01-05T21:26:58.385362+00:00
bab4c3f3e3df41d4b8881ea63d491d0a,CDB,Paraná Banco,2028-06-29,IPCA,0.07519999999999999,,1000.0,AA+,Crédito bancário,2026-01-05T21:26:58.385362+00:00
a291dfa0567f46d39281456793ba8426,CDB,Paraná Banco,2028-12-14,%CDI,1.008,,1000.0,AA+,Crédito bancário,2026-01-05T21:26:58.385362+00:00
57eac419275744608fd66115de71a7bb,CDB,Paraná Banco,2028-12-14,PRE,0.127,,1000.0,AA+,Crédito bancário,2026-01-05T21:26:58.385362+00:00
f62847d9e6c7451880fd00d7f4d651c3,CDB,Paraná Banco,2028-12-14,IPCA,0.0737,,1000.0,AA+,Crédito bancário,2026-01-05T21:26:58.385362+00:00
d26124fd563a40b88959767c2bb4b8e9,CDB,Paraná Banco,2029-12-10,%CDI,1.016,,1000.0,AA+,Crédito bancário,2026-01-05T21:26:58.385362+00:00
d45203fa7a6a4a418a299bad14594843,CDB,Paraná Banco,2029-12-10,PRE,0.1286,,1000.0,AA+,Crédito bancário,2026-01-05T21:26:58.385362+00:00
efcd33417c154aee9818682ec66b5cab,CDB,Paraná Banco,2029-12-10,IPCA,0.0719,,1000.0,AA+,Crédito bancário,2026-01-05T21:26:58.385362+00:00
1399f0daaafb4b9d919f3c4df9c99618,CDB,Paraná Banco,2030-12-04,%CDI,1.023,,1000.0,AA+,Crédito bancário,2026-01-05T21:26:58.385362+00:00
17ed4f9b24dc414bb9ad1e9aa9c9afa2,CDB,Paraná Banco,2030-12-04,PRE,0.13,,1000.0,AA+,Crédito bancário,2026-01-05T21:26:58.385362+00:00
3644d0693687483aa3834850b8d0097b,CDB,Paraná Banco,2030-12-04,IPCA,0.0713,,1000.0,AA+,Crédito bancário,2026-01-05T21:26:58.385362+00:00
a1fff28e097d44e4a5d213e34e52c584,CDB,Banco Pine,2029-12-31,%CDI,1.065,,1000.0,A,Crédito bancário,2026-01-05T21:26:58.385362+00:00
f92d59e97bd148518e7c5bf39432a6df,CDB,Banco Pine,2027-12-30,IPCA,0.08200000000000002,,1000.0,A,Crédito bancário,2026-01-05T21:26:58.385362+00:00
5ffa69cc07cf45c98ec7d70c54de85fb,CDB,Banco Pine,2028-06-30,PRE,0.139,,1000.0,A,Crédito bancário,2026-01-05T21:26:58.385362+00:00
535d0d01eb1a4877ade73fd707316232,CDB,Banco Pine,2029-01-02,IPCA,0.084,,1000.0,A,Crédito bancário,2026-01-05T21:26:58.385362+00:00
692619af420b49a19c3ca63008292688,CDB,Banco Pine,2029-01-02,PRE,0.13949999999999999,,1000.0,A,Crédito bancário,2026-01-05T21:26:58.385362+00:00
888b9ac7f81843fba97228ef9ce261e8,CDB,Banco Pine,2029-12-31,IPCA,0.085,,1000.0,A,Crédito bancário,2026-01-05T21:26:58.385362+00:00
52cf62f6526c456895d8d1452f378969,CDB,Banco Pine,2029-07-02,PRE,0.1405,,1000.0,A,Crédito bancário,2026-01-05T21:26:58.385362+00:00
72178075d1224998891387750b017142,CDB,Banco Pine,2030-12-30,IPCA,0.06949999999999999,,1000.0,A,Crédito bancário,2026-01-05T21:26:58.385362+00:00
af8adb8f7e404825aa76a57977b23d1f,CDB,Banco Pine,2029-12-31,PRE,0.14150000000000001,,1000.0,A,Crédito bancário,2026-01-05T21:26:58.385362+00:00
5bb43e277659476b9f4ec73c7302eebe,CDB,Banco Pine,2027-06-30,CDI+,0.009000000000000001,,1000.0,A,Crédito bancário,2026-01-05T21:26:58.385362+00:00
e872e5410fed46fb9602334b9b4cf604,CDB,Banco Pine,2031-12-30,IPCA,0.069,,1000.0,A,Crédito bancário,2026-01-05T21:26:58.385362+00:00
f62981dfd9b5494cbf01ef51508d6dcf,CDB,Banco Pine,2030-12-30,PRE,0.129,,1000.0,A,Crédito bancário,2026-01-05T21:26:58.385362+00:00
5aecdb6d46a848dca72dbcaa486fca25,CDB,Banco Pine,2027-12-30,CDI+,0.007000000000000001,,1000.0,A,Crédito bancário,2026-01-05T21:26:58.385362+00:00
b746ed95c1ac4e34b1e7a05b8923e559,CDB,Banco Pine,2032-12-30,IPCA,0.06849999999999999,,1000.0,A,Crédito bancário,2026-01-05T21:26:58.385362+00:00
8a1c56cb715c45c6ad9c0ff4c727757f,CDB,Banco Pine,2031-12-30,PRE,0.13,,1000.0,A,Crédito bancário,2026-01-05T21:26:58.385362+00:00
f8e2bacf076b4d0296f2fab30444de54,CDB,Banco Pine,2028-06-30,CDI+,0.007000000000000001,,1000.0,A,Crédito bancário,2026-01-05T21:26:58.385362+00:00
7af09e2975bd421094ee55edf99ad1b4,CDB,Banco Pine,2026-06-30,PRE,0.13949999999999999,,1000.0,A,Crédito bancário,2026-01-05T21:26:58.385362+00:00
0a0c60e38158496aae858c5c9e36a9d3,CDB,Banco Pine,2032-12-30,PRE,0.1305,,1000.0,A,Crédito bancário,2026-01-05T21:26:58.385362+00:00
adb33d08d59547eab04c3d701df77805,CDB,Banco Pine,2029-01-02,CDI+,0.007000000000000001,,1000.0,A,Crédito bancário,2026-01-05T21:26:58.385362+00:00
2239fc7f3a0146429518b62af1b4fd60,CDB,Banco Pine,2026-09-30,PRE,0.1355,,1000.0,A,Crédito bancário,2026-01-05T21:26:58.385362+00:00
ad9ec8ef2c364a4cae11d0ae1863b711,CDB,Banco Pine,2029-07-02,%CDI,1.065,,1000.0,A,Crédito bancário,2026-01-05T21:26:58.385362+00:00
bc9da5bcdfc64bad8297480901f0e15f,CDB,Banco Pine,2029-07-02,CDI+,0.007000000000000001,,1000.0,A,Crédito bancário,2026-01-05T21:26:58.385362+00:00
aa8002d0abb84eb68d69f84ee34162e4,CDB,Banco Pine,2026-12-30,PRE,0.132,,1000.0,A,Crédito bancário,2026-01-05T21:26:58.385362+00:00
e93d494cffa44b3cb76d88896dba61f8,CDB,Banco Pine,2029-12-31,CDI+,0.007000000000000001,,1000.0,A,Crédito bancário,2026-01-05T21:26:58.385362+00:00
93f448e0e0d1458cb2e517d06b346da3,CDB,Banco Pine,2027-06-30,PRE,0.14150000000000001,,1000.0,A,Crédito bancário,2026-01-05T21:26:58.385362+00:00
a52a8775605d44729b807fa949356f22,CDB,Banco Pine,2026-12-30,IPCA,0.0775,,1000.0,A,Crédito bancário,2026-01-05T21:26:58.385362+00:00
c3261c69881b435b9b18cd8f2beac324,CDB,Banco Pine,2027-12-30,PRE,0.13949999999999999,,1000.0,A,Crédito bancário,2026-01-05T21:26:58.385362+00:00
ac38f858bf12401d9c1fd764c795388d,CDB,Banco Pine,2027-06-30,%CDI,1.065,,1000.0,A,Crédito bancário,2026-01-05T21:26:58.385362+00:00
64266dbc236a4eae9ff473b81e74df05,CDB,Banco Pine,2027-12-30,%CDI,1.065,,1000.0,A,Crédito bancário,2026-01-05T21:26:58.385362+00:00
321702e84e654c87822ea5fd6a99c366,CDB,Banco Pine,2028-06-30,%CDI,1.065,,1000.0,A,Crédito bancário,2026-01-05T21:26:58.385362+00:00
757f2d7bd42e46d6aabe0e0ac3935af8,CDB,Banco Pine,2029-01-02,%CDI,1.065,,1000.0,A,Crédito bancário,2026-01-05T21:26:58.385362+00:00
624dc3ed2a31464c869ae21d1a689705,CDB,Porto Seguro,2026-06-29,%CDI,1.01,,1000.0,AA,Crédito bancário,2026-01-05T21:26:58.385362+00:00
a8ad1bdb3e474fb39d48d65336128db9,CDB,Porto Seguro,2026-12-30,%CDI,1.015,,1000.0,AA,Crédito bancário,2026-01-05T21:26:58.385362+00:00
386da3c73c6b47af903e6b6b29c12b97,CDB,Porto Seguro,2027-12-30,%CDI,1.025,,1000.0,AA,Crédito bancário,2026-01-05T21:26:58.385362+00:00
ef6432416e18489c93a9c8c4fc3d48a0,LCI,Poupex,2027-12-20,%CDI,0.8600000000000001,,1000.0,AA-,Crédito bancário,2026-01-05T21:26:58.385362+00:00
a46871fee1a546179ee494040bf63819,CDB,RP Financeira,2026-12-30,PRE,0.1401,,1000.0,-,Crédito bancário,2026-01-05T21:26:58.385362+00:00
7e9291b450984bb5bf84710575f79fdb,CDB,RP Financeira,2027-12-30,PRE,0.1367,,1000.0,-,Crédito bancário,2026-01-05T21:26:58.385362+00:00
642fc68cb43c49ae9d88bd4691eed903,CDB,RP Financeira,2026-12-30,%CDI,1.02,,1000.0,-,Crédito bancário,2026-01-05T21:26:58.385362+00:00
c2a67b9d15254d20b10ab39b13d64db2,CDB,RP Financeira,2027-12-30,%CDI,1.03,,1000.0,-,Crédito bancário,2026-01-05T21:26:58.385362+00:00
9fe7d6f0c14b4b0db79221b867e95bfb,CDB,Realize Financeira,2026-12-29,%CDI,1.02,,1000.0,-,Crédito bancário,2026-01-05T21:26:58.385362+00:00
58ba045902854073b4d2e2ec32654b29,CDB,Realize Financeira,2027-12-29,%CDI,1.03,,1000.0,-,Crédito bancário,2026-01-05T21:26:58.385362+00:00
92b088c3d0984510845f5f1797244689,CDB,Realize Financeira,2028-12-28,%CDI,1.04,,1000.0,-,Crédito bancário,2026-01-05T21:26:58.385362+00:00
c9d35c7eab584b65a69d8ee7950b78f2,CDB,Realize Financeira,2030-12-27,%CDI,1.05,,1000.0,-,Crédito bancário,2026-01-05T21:26:58.385362+00:00
d62d89b0ab1a45c4950e665cd092f408,CDB,Banco Rendimento,2027-01-05,%CDI,1.0,,1000.0,A,Crédito bancário,2026-01-05T21:26:58.385362+00:00
46b5f8efc79c42f086b12fa9d0c8313b,CDB,Banco Rendimento,2026-09-28,%CDI,0.98,,1000.0,A,Crédito bancário,2026-01-05T21:26:58.385362+00:00
f7c3c7e128844b4489fe4c8645291c82,CDB,Banco Rendimento,2027-06-23,%CDI,1.0,,1000.0,A,Crédito bancário,2026-01-05T21:26:58.385362+00:00
7d03a9eef88243d790f30613235d66b6,CDB,Banco Rendimento,2028-01-04,%CDI,1.02,,1000.0,A,Crédito bancário,2026-01-05T21:26:58.385362+00:00
36c7c4e99b4d4874a0c69116612aa37d,CDB,Banco Rendimento,2029-01-04,%CDI,1.02,,1000.0,A,Crédito bancário,2026-01-05T21:26:58.385362+00:00
085488807b574ae7a89ea740208c8fab,CDB,Banco Rendimento,2030-01-04,%CDI,1.02,,1000.0,A,Crédito bancário,2026-01-05T21:26:58.385362+00:00
dd6ba8c0eaeb4063a1c1601cd4c02e5c,CDB,Banco Rendimento,2026-09-28,PRE,0.1377,,1000.0,A,Crédito bancário,2026-01-05T21:26:58.385362+00:00
6eb44805d3da4b389b2ba18957547964,CDB,Banco Rendimento,2027-01-05,PRE,0.1399,,1000.0,A,Crédito bancário,2026-01-05T21:26:58.385362+00:00
116afb5419b94bc2b26b4e60d4f607d6,CDB,Banco Rendimento,2027-06-23,PRE,0.1353,,1000.0,A,Crédito bancário,2026-01-05T21:26:58.385362+00:00
3def36303c50470782ff679ca7f4ced9,CDB,Banco Rendimento,2028-01-04,PRE,0.1331,,1000.0,A,Crédito bancário,2026-01-05T21:26:58.385362+00:00
e7ffd46ae5ae46d2b215525ce4a36c1b,CDB,Banco Rodobens,2030-12-30,%CDI,1.0090000000000001,,1000.0,AA,Crédito bancário,2026-01-05T21:26:58.385362+00:00
0898e3176a9d4901be66358a9a97bc47,CDB,Banco Rodobens,2035-12-31,IPCA,0.0625,,1000.0,AA,Crédito bancário,2026-01-05T21:26:58.385362+00:00
312677ab438241aba590e41f016020c8,LCA,Banco Rodobens,2026-12-30,IPCA,0.06549999999999999,,1000.0,AA,Crédito bancário,2026-01-05T21:26:58.385362+00:00
22b2a9fd01b645139f8189f3776b39da,CDB,Banco Rodobens,2027-06-23,%CDI,0.982,,1000.0,AA,Crédito bancário,2026-01-05T21:26:58.385362+00:00
4b408d3abc8449ea88f274795afb62d5,CDB,Banco Rodobens,2026-03-30,PRE,0.1401,,1000.0,AA,Crédito bancário,2026-01-05T21:26:58.385362+00:00
af1212665e3f4749a8dab520cbc53a9d,LCA,Banco Rodobens,2027-12-30,IPCA,0.06259999999999999,,1000.0,AA,Crédito bancário,2026-01-05T21:26:58.385362+00:00
28767777f8e54bbda4675c0ef1d28b4a,CDB,Banco Rodobens,2026-12-30,IPCA,0.08639999999999999,,1000.0,AA,Crédito bancário,2026-01-05T21:26:58.385362+00:00
885bd4692e2a4b06b5ad7adfa65bbe66,CDB,Banco Rodobens,2026-06-29,PRE,0.1378,,1000.0,AA,Crédito bancário,2026-01-05T21:26:58.385362+00:00
7dccd09a02fa400c999dc0c5a931e4cf,LCA,Banco Rodobens,2026-12-30,PRE,0.1125,,1000.0,AA,Crédito bancário,2026-01-05T21:26:58.385362+00:00
2d0f97e67eb643d48922044d9015fd6d,CDB,Banco Rodobens,2027-06-23,IPCA,0.0846,,1000.0,AA,Crédito bancário,2026-01-05T21:26:58.385362+00:00
5822fe96b061481d9f0c6bfe724f5bf7,CDB,Banco Rodobens,2026-12-30,PRE,0.1308,,1000.0,AA,Crédito bancário,2026-01-05T21:26:58.385362+00:00
eb046fd3f5fb414d82cf1f646d91a858,LCA,Banco Rodobens,2027-12-30,PRE,0.111,,1000.0,AA,Crédito bancário,2026-01-05T21:26:58.385362+00:00
6886b0321cc0427d92886fd97313d010,CDB,Banco Rodobens,2026-03-30,%CDI,0.95,,1000.0,AA,Crédito bancário,2026-01-05T21:26:58.385362+00:00
e3465ac45c5b440dbf2efcf33c181948,CDB,Banco Rodobens,2027-12-30,IPCA,0.0803,,1000.0,AA,Crédito bancário,2026-01-05T21:26:58.385362+00:00
5fa75d14d09c4d5ebf2c1ca4322ac8a8,CDB,Banco Rodobens,2027-06-23,PRE,0.1261,,1000.0,AA,Crédito bancário,2026-01-05T21:26:58.385362+00:00
74b8782ce96c4a5bb9fe4e7a94a17251,CDB,Banco Rodobens,2026-06-29,%CDI,0.95,,1000.0,AA,Crédito bancário,2026-01-05T21:26:58.385362+00:00
4c6be1d719b449a182e91dc0a80d5bdd,CDB,Banco Rodobens,2028-12-29,IPCA,0.0684,,1000.0,AA,Crédito bancário,2026-01-05T21:26:58.385362+00:00
8ac2352d731341bbb303fad9192d0217,CDB,Banco Rodobens,2027-12-30,PRE,0.1242,,1000.0,AA,Crédito bancário,2026-01-05T21:26:58.385362+00:00
a7d62c3b501a4cd1aa90b95961842a01,CDB,Banco Rodobens,2026-12-30,%CDI,0.972,,1000.0,AA,Crédito bancário,2026-01-05T21:26:58.385362+00:00
32521b28352a4a64a241d86fe5ef16cc,CDB,Banco Rodobens,2029-12-31,IPCA,0.06699999999999999,,1000.0,AA,Crédito bancário,2026-01-05T21:26:58.385362+00:00
15474d019910462396c1002d2ac7fbd3,CDB,Banco Rodobens,2028-12-29,PRE,0.1245,,1000.0,AA,Crédito bancário,2026-01-05T21:26:58.385362+00:00
ef62b29bb3b047ad900cc8a40ea06df8,CDB,Banco Rodobens,2027-12-30,%CDI,0.9869999999999999,,1000.0,AA,Crédito bancário,2026-01-05T21:26:58.385362+00:00
671fe97c954244ed8ce3e8f7631fc8b0,CDB,Banco Rodobens,2030-12-30,IPCA,0.06899999999999999,,1000.0,AA,Crédito bancário,2026-01-05T21:26:58.385362+00:00
a8d59cc2018f464fa7e5a5cb87a971de,CDB,Banco Rodobens,2029-12-31,PRE,0.12710000000000002,,1000.0,AA,Crédito bancário,2026-01-05T21:26:58.385362+00:00
a6f1a83b1a4b46bc8d81ee9670640df3,CDB,Banco Rodobens,2028-12-29,%CDI,1.004,,1000.0,AA,Crédito bancário,2026-01-05T21:26:58.385362+00:00
a433f1afdc1c4f5f9f0b2c4c941a37e1,CDB,Banco Rodobens,2031-12-30,IPCA,0.0658,,1000.0,AA,Crédito bancário,2026-01-05T21:26:58.385362+00:00
5b4af881a2de4021bd3f29a016418b0b,CDB,Banco Rodobens,2029-12-31,%CDI,1.0070000000000001,,1000.0,AA,Crédito bancário,2026-01-05T21:26:58.385362+00:00
e0833d2931204bfcbf0eb2f148401bdf,CDB,Banco Rodobens,2032-12-29,IPCA,0.0654,,1000.0,AA,Crédito bancário,2026-01-05T21:26:58.385362+00:00
7926acf3dd2c4809a862507814c11bd7,CDB,Banco Rodobens,2030-12-30,PRE,0.1273,,1000.0,AA,Crédito bancário,2026-01-05T21:26:58.385362+00:00
3a5fbd7370bf4ab885ec36af7b1f7c0e,CDB,Socinal Financeira,2030-12-30,IPCA,0.075,,1000.0,-,Crédito bancário,2026-01-05T21:26:58.385362+00:00
17830521b6524445b79b150c5b4648f4,CDB,Socinal Financeira,2031-12-30,IPCA,0.075,,1000.0,-,Crédito bancário,2026-01-05T21:26:58.385362+00:00
0b85a3cc820542109215d7db342c5a3e,CDB,Socinal Financeira,2030-12-30,%CDI,1.03,,1000.0,-,Crédito bancário,2026-01-05T21:26:58.385362+00:00
93dc9cda9ac04e6ebe47510f68cefa5e,CDB,Socinal Financeira,2031-12-30,%CDI,1.02,,1000.0,-,Crédito bancário,2026-01-05T21:26:58.385362+00:00
d0fb35523c8f422a992e00d502c0e282,CDB,Banco Afinz,2026-12-30,%CDI,1.06,,10000.0,-,Crédito bancário,2026-01-05T21:26:58.385362+00:00
d0c5ad4d9dbe4ddb9a1fa9ddd236d63f,CDB,Banco Afinz,2027-06-23,%CDI,1.07,,10000.0,-,Crédito bancário,2026-01-05T21:26:58.385362+00:00
a7490f25e3064df99b741c6c54538e69,CDB,Banco Afinz,2027-12-30,%CDI,1.07,,10000.0,-,Crédito bancário,2026-01-05T21:26:58.385362+00:00
d694809b8f8647d19b9bb2dc53859eb2,CDB,Stellantis Financiamentos,2026-03-02,PRE,0.1457762924075986,,10000.0,AAA,Crédito bancário,2026-01-05T21:26:58.385362+00:00
1a2b86afeb364c978e7c1f4ac83b3bf2,CDB,Stellantis Financiamentos,2026-03-31,PRE,0.1455740126907689,,10000.0,AAA,Crédito bancário,2026-01-05T21:26:58.385362+00:00
3786ae0d2bb04cd7b83f92199a5e78e4,CDB,Stellantis Financiamentos,2026-04-29,PRE,0.14558121267131288,,10000.0,AAA,Crédito bancário,2026-01-05T21:26:58.385362+00:00
618f6cca24774a989292a67ddaa00a08,CDB,Stellantis Financiamentos,2026-06-30,PRE,0.1436724359904536,,10000.0,AAA,Crédito bancário,2026-01-05T21:26:58.385362+00:00
fb6a1e6eca7f40bf9b53bd3d7102b44b,CDB,Stellantis Financiamentos,2026-12-30,PRE,0.1372971178581964,,10000.0,AAA,Crédito bancário,2026-01-05T21:26:58.385362+00:00
3d5dd9e05ecc49f2922d0c66c9645ebb,CDB,Stellantis Financiamentos,2027-06-25,PRE,0.1332650122868054,,10000.0,AAA,Crédito bancário,2026-01-05T21:26:58.385362+00:00
e1b38a50d2594ae0bd71a98fde836a95,CDB,Stellantis Financiamentos,2027-12-30,PRE,0.1313748331835164,,10000.0,AAA,Crédito bancário,2026-01-05T21:26:58.385362+00:00
c81f88182066459b871f37b2130bfe9e,CDB,Stellantis Financiamentos,2026-01-29,PRE,0.1456933149990239,,10000.0,AAA,Crédito bancário,2026-01-05T21:26:58.385362+00:00
51df6f092c1242a48c8590ede5f7c1e8,CDB,Stellantis Financiamentos,2029-01-02,PRE,0.13337062421092238,,10000.0,AAA,Crédito bancário,2026-01-05T21:26:58.385362+00:00
3c9819357aab4a69906405221907793a,LCA,TentosCap,2026-12-30,%CDI,0.86,,1000.0,-,Crédito bancário,2026-01-05T21:26:58.385362+00:00
728283e998d5450285bd32cf6bb3a776,CDB,Banco Topázio,2026-12-30,%CDI,0.99,,1000.0,-,Crédito bancário,2026-01-05T21:26:58.385362+00:00
7e5dbcbc850f4ca2891966465d058c9c,CDB,Banco Topázio,2027-12-30,%CDI,1.015,,1000.0,-,Crédito bancário,2026-01-05T21:26:58.385362+00:00
752fae7892a2472696af40124f442b1e,CDB,Banco Triângulo,2030-12-30,%CDI,1.035,,1000.0,A-,Crédito bancário,2026-01-05T21:26:58.385362+00:00
02b68da460184357bf11321d8f0f3e4f,CDB,Banco Triângulo,2026-12-30,PRE,0.1336,,1000.0,A-,Crédito bancário,2026-01-05T21:26:58.385362+00:00
75621f10cc514661b99ce4d3d4df49f8,CDB,Banco Triângulo,2027-12-30,PRE,0.1285,,1000.0,A-,Crédito bancário,2026-01-05T21:26:58.385362+00:00
b91d9ddd3a2549459c65457dfd65d88a,CDB,Banco Triângulo,2029-01-02,PRE,0.129,,1000.0,A-,Crédito bancário,2026-01-05T21:26:58.385362+00:00
56a669626b024744807542be048b2ec0,CDB,Banco Triângulo,2029-12-31,PRE,0.1294,,1000.0,A-,Crédito bancário,2026-01-05T21:26:58.385362+00:00
da05c4566ebd43f0882ad39972db8205,CDB,Banco Triângulo,2030-12-30,PRE,0.1292,,1000.0,A-,Crédito bancário,2026-01-05T21:26:58.385362+00:00
aac2f55318d84694956d6d508d9b476f,CDB,Banco Triângulo,2026-12-30,%CDI,0.99,,1000.0,A-,Crédito bancário,2026-01-05T21:26:58.385362+00:00
0ea18d159667416a9a957ffef4b6b76a,CDB,Banco Triângulo,2027-12-30,%CDI,1.015,,1000.0,A-,Crédito bancário,2026-01-05T21:26:58.385362+00:00
594dfb33d59a4297b17cd3ed447cacf7,CDB,Banco Triângulo,2029-01-02,%CDI,1.025,,1000.0,A-,Crédito bancário,2026-01-05T21:26:58.385362+00:00
1f511bf0834b424bb104b28d61cf4568,CDB,Banco Triângulo,2029-12-31,%CDI,1.03,,1000.0,A-,Crédito bancário,2026-01-05T21:26:58.385362+00:00
883fbaad013c4f9591d7d07bfe868b4e,CDB,Via Certa,2028-12-29,%CDI,1.0,,1000.0,-,Crédito bancário,2026-01-05T21:26:58.385362+00:00
010395fa306c41a4b701e1f9dbd8cfe6,CDB,Banco Volkswagen,2026-04-30,PRE,0.145,,5000.0,AAA,Crédito bancário,2026-01-05T21:26:58.385362+00:00
8b191f01d04d4343974fb8d59611491e,CDB,Banco Volkswagen,2026-06-30,PRE,0.145,,5000.0,AAA,Crédito bancário,2026-01-05T21:26:58.385362+00:00
f1a53fec62e64e3792d20b8691744b0f,CDB,Banco Volkswagen,2026-12-31,PRE,0.138,,5000.0,AAA,Crédito bancário,2026-01-05T21:26:58.385362+00:00
89a1948dc6be4525921bb1b8df6a060c,CDB,Banco Volkswagen,2027-06-24,PRE,0.1335,,5000.0,AAA,Crédito bancário,2026-01-05T21:26:58.385362+00:00
40f5dc97f47a46b78cf0e163cd3f38ae,CDB,Banco Volkswagen,2026-12-31,%CDI,0.988,,100000.0,AAA,Crédito bancário,2026-01-05T21:26:58.385362+00:00
d390d735dd0f40e9965e9cda7b8de297,CDB,Banco Volkswagen,2026-12-31,%CDI,0.9890000000000001,,100000.0,AAA,Crédito bancário,2026-01-05T21:26:58.385362+00:00
2da670087afe4fed80ce2f82925d325a,CDB,Banco Volkswagen,2026-12-31,%CDI,0.99,,100000.0,AAA,Crédito bancário,2026-01-05T21:26:58.385362+00:00
d3c186ccec3b41f19c75ab5ea6731ce5,CDB,Banco BTG Pactual,2026-01-30,PRE,0.1464,,500.0,AAA (S&P),Crédito bancário,2026-01-05T21:26:58.385362+00:00
c7b8477858874233aa1bf5c3551b8c43,CDB,Banco BTG Pactual,2026-03-02,PRE,0.147,,500.0,AAA (S&P),Crédito bancário,2026-01-05T21:26:58.385362+00:00
bd2762bc3b0244ca92a9dbc7d6c18c0c,CDB,Banco BTG Pactual,2026-03-30,PRE,0.1475,,500.0,AAA (S&P),Crédito bancário,2026-01-05T21:26:58.385362+00:00
111f6b0487bc4177b0c0bd67f9a768f4,CDB,Banco BTG Pactual,2026-04-30,PRE,0.1467,,500.0,AAA (S&P),Crédito bancário,2026-01-05T21:26:58.385362+00:00
b7e103ebaa244fad950dafa789cd87b4,CDB,Banco BTG Pactual,2026-06-30,PRE,0.1449,,500.0,AAA (S&P),Crédito bancário,2026-01-05T21:26:58.385362+00:00
7f9570ce15de4a3a8a72ec3ce0ac4842,CDB,Banco BTG Pactual,2026-12-30,PRE,0.1377,,500.0,AAA (S&P),Crédito bancário,2026-01-05T21:26:58.385362+00:00
8e236bea0af040648f3f48a291b67e31,CDB,Banco BTG Pactual,2027-06-30,PRE,0.1331,,500.0,AAA (S&P),Crédito bancário,2026-01-05T21:26:58.385362+00:00
02eb695d55744eea9cb6243c47f0fce6,CDB,Banco BTG Pactual,2027-12-30,PRE,0.1311,,500.0,AAA (S&P),Crédito bancário,2026-01-05T21:26:58.385362+00:00
248aaa1484704246bb580527022a4d8d,CDB,Banco BTG Pactual,2028-06-30,PRE,0.1313,,500.0,AAA (S&P),Crédito bancário,2026-01-05T21:26:58.385362+00:00
2001529ea410478a803b7a6da4d9f168,CDB,Banco BTG Pactual,2029-01-02,PRE,0.1281,,500.0,AAA (S&P),Crédito bancário,2026-01-05T21:26:58.385362+00:00
95c2648b34cf4b39a54e94ca2125e702,CDB,Banco BTG Pactual,2029-12-31,PRE,0.1305,,500.0,AAA (S&P),Crédito bancário,2026-01-05T21:26:58.385362+00:00
5dee6e2f229741e395fb62548d0e3460,CDB,Banco BTG Pactual,2030-12-30,PRE,0.1321,,500.0,AAA (S&P),Crédito bancário,2026-01-05T21:26:58.385362+00:00
08d92f7e77794e52b901506e0bd071eb,CDB,Banco BTG Pactual,2031-12-30,PRE,0.1335,,500.0,AAA (S&P),Crédito bancário,2026-01-05T21:26:58.385362+00:00
7ab2928a122640839953156b6d977ffa,CDB,Banco BTG Pactual,2032-12-30,PRE,0.1341,,500.0,AAA (S&P),Crédito bancário,2026-01-05T21:26:58.385362+00:00
928330ad97ed489bbdf2aa6f29775054,CDB,Banco BTG Pactual,2033-12-30,PRE,0.13449999999999998,,500.0,AAA (S&P),Crédito bancário,2026-01-05T21:26:58.385362+00:00
c24736591fd044e39c39c2047f42f98a,CDB,Banco BTG Pactual,2035-01-02,PRE,0.13449999999999998,,500.0,AAA (S&P),Crédito bancário,2026-01-05T21:26:58.385362+00:00
cbebf7de684748549d123b383518d72b,CDB,Banco BTG Pactual,2035-12-31,PRE,0.1341,,500.0,AAA (S&P),Crédito bancário,2026-01-05T21:26:58.385362+00:00
c9bca1d9247440e0b6d55826829e79c5,CDB,Banco BTG Pactual,2026-01-30,%CDI,1.0075,,500.0,AAA (S&P),Crédito bancário,2026-01-05T21:26:58.385362+00:00
58fd2b6549cf4c0bbbc94265e0b33242,CDB,Banco BTG Pactual,2026-03-02,%CDI,1.0125,,500.0,AAA (S&P),Crédito bancário,2026-01-05T21:26:58.385362+00:00
9f1eec43072e436395ee095e939ad0e5,CDB,Banco BTG Pactual,2026-03-30,%CDI,1.0175,,500.0,AAA (S&P),Crédito bancário,2026-01-05T21:26:58.385362+00:00
53a699e0f9bd4fd0b1490c43fb446f44,CDB,Banco BTG Pactual,2026-04-30,%CDI,1.018,,500.0,AAA (S&P),Crédito bancário,2026-01-05T21:26:58.385362+00:00
6e73a70ebdda4071bdd192681a3b5a9b,CDB,Banco BTG Pactual,2026-06-30,%CDI,1.0190000000000001,,500.0,AAA (S&P),Crédito bancário,2026-01-05T21:26:58.385362+00:00
bdb5322d0a3646e0a56676765b6b5318,CDB,Banco BTG Pactual,2026-12-30,%CDI,1.02,,500.0,AAA (S&P),Crédito bancário,2026-01-05T21:26:58.385362+00:00
c9ab798866f049d782d0fed21b0cf434,CDB,Banco BTG Pactual,2027-06-30,%CDI,1.02,,500.0,AAA (S&P),Crédito bancário,2026-01-05T21:26:58.385362+00:00
2e3c401ebdb7497c84368fe07c800c9e,CDB,Banco BTG Pactual,2027-12-30,%CDI,1.02,,500.0,AAA (S&P),Crédito bancário,2026-01-05T21:26:58.385362+00:00
4f85a3df424246d9b50f9b923aade5f4,CDB,Banco BTG Pactual,2028-06-30,%CDI,1.0225,,500.0,AAA (S&P),Crédito bancário,2026-01-05T21:26:58.385362+00:00
0d269116c954424fbfd1cfbc50d75f56,CDB,Banco BTG Pactual,2029-01-02,%CDI,1.025,,500.0,AAA (S&P),Crédito bancário,2026-01-05T21:26:58.385362+00:00
e59e79dbb9614ebd90db3d93670237d7,CDB,Banco BTG Pactual,2029-12-31,%CDI,1.03,,500.0,AAA (S&P),Crédito bancário,2026-01-05T21:26:58.385362+00:00
b82126c208d046ae86281b818d06c0dd,CDB,Banco BTG Pactual,2030-12-30,%CDI,1.0325,,500.0,AAA (S&P),Crédito bancário,2026-01-05T21:26:58.385362+00:00
3decee0aaf754bc68114ab471f2af8a7,CDB,Banco BTG Pactual,2031-12-30,%CDI,1.035,,500.0,AAA (S&P),Crédito bancário,2026-01-05T21:26:58.385362+00:00
00e15708d865431d823e3a00862d5a04,CDB,Banco BTG Pactual,2032-12-30,%CDI,1.0375,,500.0,AAA (S&P),Crédito bancário,2026-01-05T21:26:58.385362+00:00
b40aa2397a5d4d7d801c2d8ab4adcb2e,CDB,Banco BTG Pactual,2033-12-30,%CDI,1.04,,500.0,AAA (S&P),Crédito bancário,2026-01-05T21:26:58.385362+00:00
e9275d15bcdb4b929e4667f2c282ff79,CDB,Banco BTG Pactual,2035-01-02,%CDI,1.04,,500.0,AAA (S&P),Crédito bancário,2026-01-05T21:26:58.385362+00:00
946ffa72dc114b9e9340cd4785e71b34,CDB,Banco BTG Pactual,2035-12-31,%CDI,1.04,,500.0,AAA (S&P),Crédito bancário,2026-01-05T21:26:58.385362+00:00
e24289f7a6884d119ab3b6e1f425840e,CDB,Banco BTG Pactual,2026-12-30,IPCA,0.0958,,500.0,AAA (S&P),Crédito bancário,2026-01-05T21:26:58.385362+00:00
357a4a88b28b456ca024da97cb17a038,CDB,Banco BTG Pactual,2027-12-30,IPCA,0.08199999999999999,,500.0,AAA (S&P),Crédito bancário,2026-01-05T21:26:58.385362+00:00
9a6dc507eecb4e74b3ec76a977f049f7,CDB,Banco BTG Pactual,2029-01-02,IPCA,0.0755,,500.0,AAA (S&P),Crédito bancário,2026-01-05T21:26:58.385362+00:00
0b097e3381194f9eb6cb564a391b4ad0,CDB,Banco BTG Pactual,2029-12-31,IPCA,0.0745,,500.0,AAA (S&P),Crédito bancário,2026-01-05T21:26:58.385362+00:00
f095b713ab8c480299f52331d4e3e2d6,CDB,Banco BTG Pactual,2030-12-30,IPCA,0.0737,,500.0,AAA (S&P),Crédito bancário,2026-01-05T21:26:58.385362+00:00
e8101eac034e47738c6a1dc709cfd1c9,CDB,Banco BTG Pactual,2031-12-30,IPCA,0.0736,,500.0,AAA (S&P),Crédito bancário,2026-01-05T21:26:58.385362+00:00
3499c35177b04388aa58b42210478023,CDB,Banco BTG Pactual,2032-12-30,IPCA,0.0736,,500.0,AAA (S&P),Crédito bancário,2026-01-05T21:26:58.385362+00:00
2d918791d2244bc6b72334ca0ae7f171,CDB,Banco BTG Pactual,2033-12-30,IPCA,0.073,,500.0,AAA (S&P),Crédito bancário,2026-01-05T21:26:58.385362+00:00
d09b38be12af422fba7eb69520cae8de,CDB,Banco BTG Pactual,2035-01-02,IPCA,0.0717,,500.0,AAA (S&P),Crédito bancário,2026-01-05T21:26:58.385362+00:00
f4b0f1d5401f4c4cbdfa7ff63c5a22fd,CDB,Banco BTG Pactual,2035-12-31,IPCA,0.0707,,500.0,AAA (S&P),Crédito bancário,2026-01-05T21:26:58.385362+00:00
f8d70ee8365c4b1ea75e301142eb8d66,CDB,Banco BTG Pactual,2026-12-30,%CDI,1.001,,50.0,AAA (S&P),Crédito bancário,2026-01-05T21:26:58.385362+00:00
af70fc06fcd44235ad2778ab3ebdaca9,CDB,Banco BTG Pactual,2026-12-30,%CDI,1.002,,50.0,AAA (S&P),Crédito bancário,2026-01-05T21:26:58.385362+00:00
44c99c838fdd40c69f4e65816fe7098a,CDB,Banco BTG Pactual,2026-12-30,%CDI,1.004,,50.0,AAA (S&P),Crédito bancário,2026-01-05T21:26:58.385362+00:00
e6e8dcb2708647f2b4f88d5295b905b4,CDB,Banco BTG Pactual,2026-12-30,%CDI,1.006,,50.0,AAA (S&P),Crédito bancário,2026-01-05T21:26:58.385362+00:00
13e67d3094d24a758b5b2d49d7e0870d,CDB,Banco BTG Pactual,2026-12-30,%CDI,1.0090000000000001,,50.0,AAA (S&P),Crédito bancário,2026-01-05T21:26:58.385362+00:00
9c311f88629a4e16b8afa162d59c8460,CDB,Banco BTG Pactual,2026-06-30,%CDI,1.001,,50.0,AAA (S&P),Crédito bancário,2026-01-05T21:26:58.385362+00:00
2685d74b14494a59b580b9138a90fa7a,CDB,Banco BTG Pactual,2026-06-30,%CDI,1.004,,50.0,AAA (S&P),Crédito bancário,2026-01-05T21:26:58.385362+00:00
5a0eee15a13d44638ed0341c7bfa73df,CDB,Banco BTG Pactual,2026-06-30,%CDI,1.0090000000000001,,50.0,AAA (S&P),Crédito bancário,2026-01-05T21:26:58.385362+00:00
8b08348bab1442f78c39436076ce29ee,CDB,Banco BTG Pactual,2026-06-30,%CDI,1.012,,50.0,AAA (S&P),Crédito bancário,2026-01-05T21:26:58.385362+00:00
1a759a425a3d405d814633c18bc5ad7a,LCA,Banco BTG Pactual,2026-06-30,PRE,0.1164,,1000.0,AAA (S&P),Crédito bancário,2026-01-05T21:26:58.385362+00:00
65e0f667ed5a4d2bbea643acb7a4a55b,LCA,Banco BTG Pactual,2026-09-30,PRE,0.11470000000000001,,1000.0,AAA (S&P),Crédito bancário,2026-01-05T21:26:58.385362+00:00
c44d31307c0b4c78893f8692e3165449,LCA,Banco BTG Pactual,2026-12-30,PRE,0.1133,,1000.0,AAA (S&P),Crédito bancário,2026-01-05T21:26:58.385362+00:00
bfe16cc8355242568a6c756c7dabcb82,LCA,Banco BTG Pactual,2027-06-30,PRE,0.1094,,1000.0,AAA (S&P),Crédito bancário,2026-01-05T21:26:58.385362+00:00
dcd2f22102b840229e17ae506d04d922,LCA,Banco BTG Pactual,2027-12-30,PRE,0.10769999999999999,,1000.0,AAA (S&P),Crédito bancário,2026-01-05T21:26:58.385362+00:00
2ac6c358bf3a4932918308e1462655c5,LCA,Banco BTG Pactual,2028-06-30,PRE,0.1076,,1000.0,AAA (S&P),Crédito bancário,2026-01-05T21:26:58.385362+00:00
77726fbc3d774972be5bccd5b799de19,LCA,Banco BTG Pactual,2029-01-02,PRE,0.1052,,1000.0,AAA (S&P),Crédito bancário,2026-01-05T21:26:58.385362+00:00
01080d9113bc4672bac35957114242cb,LCA,Banco BTG Pactual,2029-12-31,PRE,0.10679999999999999,,1000.0,AAA (S&P),Crédito bancário,2026-01-05T21:26:58.385362+00:00
895be94973ee4a17b317a9aac0733ea8,LCA,Banco BTG Pactual,2030-12-30,PRE,0.10800000000000001,,1000.0,AAA (S&P),Crédito bancário,2026-01-05T21:26:58.385362+00:00
a3f2dd9e1e5e44ec8de77a7734f8314a,LCA,Banco BTG Pactual,2031-12-30,PRE,0.109,,1000.0,AAA (S&P),Crédito bancário,2026-01-05T21:26:58.385362+00:00
2b82ea1af827498083583072327a8765,LCA,Banco BTG Pactual,2032-12-30,PRE,0.1093,,1000.0,AAA (S&P),Crédito bancário,2026-01-05T21:26:58.385362+00:00
b71b6d02ad1e42d5b684a15a4886bcff,LCA,Banco BTG Pactual,2033-12-30,PRE,0.1092,,1000.0,AAA (S&P),Crédito bancário,2026-01-05T21:26:58.385362+00:00
464203e308a04e689717e71e542f3ddf,LCA,Banco BTG Pactual,2035-01-02,PRE,0.1092,,1000.0,AAA (S&P),Crédito bancário,2026-01-05T21:26:58.385362+00:00
b2bae01145c8459cb8ba8f50acc38208,LCA,Banco BTG Pactual,2035-12-31,PRE,0.10890000000000001,,1000.0,AAA (S&P),Crédito bancário,2026-01-05T21:26:58.385362+00:00
420d3454369743ce8e93e710107da7a3,LCA,Banco BTG Pactual,2026-12-30,PRE,0.11349999999999999,,1000.0,AAA (S&P),Crédito bancário,2026-01-05T21:26:58.385362+00:00
93e4f1de9d7b4c60ba112a8fedb23002,LCA,Banco BTG Pactual,2027-12-30,PRE,0.1082,,1000.0,AAA (S&P),Crédito bancário,2026-01-05T21:26:58.385362+00:00
1d6d61db3b6d4774ba2d36c3026f6cf7,LCA,Banco BTG Pactual,2029-01-02,PRE,0.10550000000000001,,1000.0,AAA (S&P),Crédito bancário,2026-01-05T21:26:58.385362+00:00
a3ef4597eda949b0aba1d744391c04a8,LCA,Banco BTG Pactual,2026-12-30,IPCA,0.0721,,1000.0,AAA (S&P),Crédito bancário,2026-01-05T21:26:58.385362+00:00
d007dc83ddb446a98233a7ff6e2df17e,LCA,Banco BTG Pactual,2027-12-30,IPCA,0.0596,,1000.0,AAA (S&P),Crédito bancário,2026-01-05T21:26:58.385362+00:00
aff28670b7d545d089a139025992704e,LCA,Banco BTG Pactual,2029-01-02,IPCA,0.0537,,1000.0,AAA (S&P),Crédito bancário,2026-01-05T21:26:58.385362+00:00
acc797c058d04d85a90367326bc9dd3e,LCA,Banco BTG Pactual,2029-12-31,IPCA,0.0521,,1000.0,AAA (S&P),Crédito bancário,2026-01-05T21:26:58.385362+00:00
0516e528f6474f9a873931b17092dc35,LCA,Banco BTG Pactual,2030-12-30,IPCA,0.0509,,1000.0,AAA (S&P),Crédito bancário,2026-01-05T21:26:58.385362+00:00
18f504e86e7f4d3b86c31bfa4392639e,LCA,Banco BTG Pactual,2031-12-30,IPCA,0.050499999999999996,,1000.0,AAA (S&P),Crédito bancário,2026-01-05T21:26:58.385362+00:00
ef426e60d03c418db6bda9c5aa98ee65,LCA,Banco BTG Pactual,2032-12-30,IPCA,0.0501,,1000.0,AAA (S&P),Crédito bancário,2026-01-05T21:26:58.385362+00:00
d03519d21f094ab6b1dafe6d913b4c94,LCA,Banco BTG Pactual,2033-12-30,IPCA,0.0492,,1000.0,AAA (S&P),Crédito bancário,2026-01-05T21:26:58.385362+00:00
03ef0735cb79401c84e62f752f21ef5a,LCA,Banco BTG Pactual,2035-01-02,IPCA,0.0479,,1000.0,AAA (S&P),Crédito bancário,2026-01-05T21:26:58.385362+00:00
457bdcf05fea4693be79be5352203e39,LCA,Banco BTG Pactual,2035-12-31,IPCA,0.046900000000000004,,1000.0,AAA (S&P),Crédito bancário,2026-01-05T21:26:58.385362+00:00
082909e06c694cbe883c87ccdbd75b7b,LCA,Banco BTG Pactual,2026-06-30,%CDI,0.85,,1000.0,AAA (S&P),Crédito bancário,2026-01-05T21:26:58.385362+00:00
e8b5128269cc444485e9b722b9be0092,LCA,Banco BTG Pactual,2026-09-30,%CDI,0.86,,1000.0,AAA (S&P),Crédito bancário,2026-01-05T21:26:58.385362+00:00
fc96e14ceba74eb5939cb7549b59ba64,LCA,Banco BTG Pactual,2026-12-30,%CDI,0.87,,1000.0,AAA (S&P),Crédito bancário,2026-01-05T21:26:58.385362+00:00
45dfbefb888e4a5687f5ce54f57ed608,LCA,Banco BTG Pactual,2027-06-30,%CDI,0.87,,1000.0,AAA (S&P),Crédito bancário,2026-01-05T21:26:58.385362+00:00
b5b195fc0a394080bd0a85274e2b6c27,LCA,Banco BTG Pactual,2027-12-30,%CDI,0.87,,1000.0,AAA (S&P),Crédito bancário,2026-01-05T21:26:58.385362+00:00
eec9378929fc4274aff6a9802c6d9e74,LCA,Banco BTG Pactual,2029-01-02,%CDI,0.85,,1000.0,AAA (S&P),Crédito bancário,2026-01-05T21:26:58.385362+00:00
691df66f80a8459caff5a33011e4aa34,LCA,Banco BTG Pactual,2029-12-31,%CDI,0.8484999999999999,,1000.0,AAA (S&P),Crédito bancário,2026-01-05T21:26:58.385362+00:00
db8c79e7c32c4561a506d0bc89b28d3c,LCA,Banco BTG Pactual,2030-12-30,%CDI,0.8498,,1000.0,AAA (S&P),Crédito bancário,2026-01-05T21:26:58.385362+00:00
9cccc539809242ad86492d6e6c4e8b57,LCA,Banco BTG Pactual,2031-12-30,%CDI,0.8508,,1000.0,AAA (S&P),Crédito bancário,2026-01-05T21:26:58.385362+00:00
5379479a624e4d28ac6be3a87fdef9b3,LCA,Banco BTG Pactual,2032-12-30,%CDI,0.8511,,1000.0,AAA (S&P),Crédito bancário,2026-01-05T21:26:58.385362+00:00
f51a736466f64668b3920b8320244a82,LCA,Banco BTG Pactual,2033-12-30,%CDI,0.8511,,1000.0,AAA (S&P),Crédito bancário,2026-01-05T21:26:58.385362+00:00
ad70c765f4494bee85059b628356abcd,LCA,Banco BTG Pactual,2035-01-02,%CDI,0.8511,,1000.0,AAA (S&P),Crédito bancário,2026-01-05T21:26:58.385362+00:00
e4796d1f471a40aab0cfb06fd460d81d,LCA,Banco BTG Pactual,2035-12-31,%CDI,0.8506999999999999,,1000.0,AAA (S&P),Crédito bancário,2026-01-05T21:26:58.385362+00:00
0a662ba85c0e439db27a92afb43e9733,LCA,Banco BTG Pactual,2026-12-30,%CDI,0.87,,1000.0,AAA (S&P),Crédito bancário,2026-01-05T21:26:58.385362+00:00
b990bab54c3e40a7848ec3ee6884f119,LCA,Banco BTG Pactual,2027-12-30,%CDI,0.87,,1000.0,AAA (S&P),Crédito bancário,2026-01-05T21:26:58.385362+00:00
adacb5dcdffb4bb1a5edfe1b2e3854eb,LCA,Banco BTG Pactual,2029-01-02,%CDI,0.85,,1000.0,AAA (S&P),Crédito bancário,2026-01-05T21:26:58.385362+00:00
4eaa1d2d5a9c4703945d27893ed514c9,LCA,Banco BTG Pactual,2028-06-30,%CDI,0.87,,1000.0,AAA (S&P),Crédito bancário,2026-01-05T21:26:58.385362+00:00
79004f3d7fb04a3a98667b73f76c15f1,LF,Banco BTG Pactual,2027-12-30,PRE,0.1332,,50000.0,AAA (S&P),Crédito bancário,2026-01-05T21:26:58.385362+00:00
17e1ef19ffa544eb84f48df2ddfbe271,LF,Banco BTG Pactual,2029-01-02,PRE,0.13470000000000001,,50000.0,AAA (S&P),Crédito bancário,2026-01-05T21:26:58.385362+00:00
ff5e51599ceb46039cb778eb43992589,LF,Banco BTG Pactual,2029-12-31,PRE,0.1374,,50000.0,AAA (S&P),Crédito bancário,2026-01-05T21:26:58.385362+00:00
7ee084815e7c43d38790ea3f6b51e3f4,LF,Banco BTG Pactual,2030-12-30,PRE,0.1392,,50000.0,AAA (S&P),Crédito bancário,2026-01-05T21:26:58.385362+00:00
6feb2e9333fa4ac2bdf2f7ede6bf7038,LF,Banco BTG Pactual,2031-12-30,PRE,0.1405,,50000.0,AAA (S&P),Crédito bancário,2026-01-05T21:26:58.385362+00:00
bbfc70d059ca413c8004d9248b7492cf,LF,Banco BTG Pactual,2032-12-30,PRE,0.1411,,50000.0,AAA (S&P),Crédito bancário,2026-01-05T21:26:58.385362+00:00
ea768bcf841c45b7943bebd4fd3db912,LF,Banco BTG Pactual,2033-12-30,PRE,0.1414,,50000.0,AAA (S&P),Crédito bancário,2026-01-05T21:26:58.385362+00:00
592428185c984ebda6f2c7c7ff91a1c9,LF,Banco BTG Pactual,2035-01-02,PRE,0.1417,,50000.0,AAA (S&P),Crédito bancário,2026-01-05T21:26:58.385362+00:00
cf0a40f36146496ba5672ea08a3ba01c,LF,Banco BTG Pactual,2035-12-31,PRE,0.1418,,50000.0,AAA (S&P),Crédito bancário,2026-01-05T21:26:58.385362+00:00
1a63aa62b7b7403693edabf99da23d5b,LF,Banco BTG Pactual,2030-12-30,IPCA,0.0817,,50000.0,AAA (S&P),Crédito bancário,2026-01-05T21:26:58.385362+00:00
ec326b8bca744181908137c5ba9d48d8,LF,Banco BTG Pactual,2032-12-30,IPCA,0.0814,,50000.0,AAA (S&P),Crédito bancário,2026-01-05T21:26:58.385362+00:00
7c154eadf8304c6084c9e0de6cb2cb55,LF,Banco BTG Pactual,2035-12-31,IPCA,0.07919999999999999,,50000.0,AAA (S&P),Crédito bancário,2026-01-05T21:26:58.385362+00:00
2ca90cdef69d4a31b089b0c05051483d,LF,Banco BTG Pactual,2027-12-30,IPCA,0.0852,,50000.0,AAA (S&P),Crédito bancário,2026-01-05T21:26:58.385362+00:00
61f0cc6d946e4e2a8c9d0be3326a89ce,LF,Banco BTG Pactual,2029-01-02,IPCA,0.083,,50000.0,AAA (S&P),Crédito bancário,2026-01-05T21:26:58.385362+00:00
ca2fabfc9fa5441a8823b98b0686fd31,LF,Banco BTG Pactual,2029-12-31,IPCA,0.0824,,50000.0,AAA (S&P),Crédito bancário,2026-01-05T21:26:58.385362+00:00
7a04e2067f7043a8a2fce95200c1a630,LF,Banco BTG Pactual,2031-12-30,IPCA,0.0815,,50000.0,AAA (S&P),Crédito bancário,2026-01-05T21:26:58.385362+00:00
e969377a5a27479c9f1a8fcfb518aa95,LF,Banco BTG Pactual,2033-12-30,IPCA,0.0808,,50000.0,AAA (S&P),Crédito bancário,2026-01-05T21:26:58.385362+00:00
a3001a2fe6f64af093438280e5edf9c4,LF,Banco BTG Pactual,2035-01-02,IPCA,0.07980000000000001,,50000.0,AAA (S&P),Crédito bancário,2026-01-05T21:26:58.385362+00:00
fd2d1f638ffa4a258ffaaff66bb36e9d,LF,Banco BTG Pactual,2027-12-30,%CDI,1.0273999999999999,,50000.0,AAA (S&P),Crédito bancário,2026-01-05T21:26:58.385362+00:00
cf3d55ce71b044e5a3b36854c853fe18,LF,Banco BTG Pactual,2029-01-02,%CDI,1.0346,,50000.0,AAA (S&P),Crédito bancário,2026-01-05T21:26:58.385362+00:00
597def0eb1694002bd186078ee4972f0,LF,Banco BTG Pactual,2029-12-31,%CDI,1.0421,,50000.0,AAA (S&P),Crédito bancário,2026-01-05T21:26:58.385362+00:00
a789687af1fa47eb8941b118372fa25c,LF,Banco BTG Pactual,2030-12-30,%CDI,1.0456999999999999,,50000.0,AAA (S&P),Crédito bancário,2026-01-05T21:26:58.385362+00:00
6597643de1094ebf855ba310441a2887,LF,Banco BTG Pactual,2031-12-30,%CDI,1.0469,,50000.0,AAA (S&P),Crédito bancário,2026-01-05T21:26:58.385362+00:00
3d900323518a45e0b366473618414fca,LF,Banco BTG Pactual,2032-12-30,%CDI,1.0492,,50000.0,AAA (S&P),Crédito bancário,2026-01-05T21:26:58.385362+00:00
9f9a2f41ac3645e597d00d6b6de78448,LF,Banco BTG Pactual,2033-12-30,%CDI,1.0515,,50000.0,AAA (S&P),Crédito bancário,2026-01-05T21:26:58.385362+00:00
a0db9ffc507a45ac9a11a10f9f5d751e,LF,Banco BTG Pactual,2035-01-02,%CDI,1.0539,,50000.0,AAA (S&P),Crédito bancário,2026-01-05T21:26:58.385362+00:00
abaa5e3af7a04679a77bddb763fccc53,LF,Banco BTG Pactual,2035-12-31,%CDI,1.0571,,50000.0,AAA (S&P),Crédito bancário,2026-01-05T21:26:58.385362+00:00
e7f04d85b7dc42eaa8fa388fa4c21333,LF,Banco BTG Pactual,2027-12-30,CDI+,0.0034999999999999996,,50000.0,AAA (S&P),Crédito bancário,2026-01-05T21:26:58.385362+00:00
13ddbaac22724cf3a5d00ac34d6cf06e,LF,Banco BTG Pactual,2029-01-02,CDI+,0.0045000000000000005,,50000.0,AAA (S&P),Crédito bancário,2026-01-05T21:26:58.385362+00:00
426151ea50c0436d9361721c0012754a,LF,Banco BTG Pactual,2029-12-31,CDI+,0.0055000000000000005,,50000.0,AAA (S&P),Crédito bancário,2026-01-05T21:26:58.385362+00:00
c4bf365cf6e24754a8ba52e8cb877e9a,LF,Banco BTG Pactual,2030-12-30,CDI+,0.006,,50000.0,AAA (S&P),Crédito bancário,2026-01-05T21:26:58.385362+00:00
936d5a08bfeb4dcc82f36532d0055bf3,LF,Banco BTG Pactual,2031-12-30,CDI+,0.0062,,50000.0,AAA (S&P),Crédito bancário,2026-01-05T21:26:58.385362+00:00
7dc05d53d0a8436eb47124053a2ddde7,LF,Banco BTG Pactual,2032-12-30,CDI+,0.006500000000000001,,50000.0,AAA (S&P),Crédito bancário,2026-01-05T21:26:58.385362+00:00
81ba0baf1ecb441faab4ac1fd7fa0173,LF,Banco BTG Pactual,2033-12-30,CDI+,0.0068000000000000005,,50000.0,AAA (S&P),Crédito bancário,2026-01-05T21:26:58.385362+00:00
c5fc4e318fc74feda1f179bc5f342df3,LF,Banco BTG Pactual,2035-01-02,CDI+,0.0070999999999999995,,50000.0,AAA (S&P),Crédito bancário,2026-01-05T21:26:58.385362+00:00
91452746a6904e04852c98fb9821b317,LF,Banco BTG Pactual,2035-12-31,CDI+,0.0075,,50000.0,AAA (S&P),Crédito bancário,2026-01-05T21:26:58.385362+00:00
fe77f5426afa4c4791f50f54426a3ad6,CDB,Banco BTG Pactual,2027-12-30,%CDI,1.0,,50.0,AAA (S&P),Crédito bancário,2026-01-05T21:26:58.385362+00:00
b0f43bc10f0c4fdeb075b409d4bb82d4,CDB,Banco BTG Pactual,2029-01-02,%CDI,0.995,,50.0,AAA (S&P),Crédito bancário,2026-01-05T21:26:58.385362+00:00
bafe88fa1a56451db316e97194c881bc,CDB,Banco BTG Pactual,2026-12-30,%CDI,1.005,,100000000.0,AAA (S&P),Crédito bancário,2026-01-05T21:26:58.385362+00:00
d8ef2eaf22024b069e5892465892c140,LCA,Banco BTG Pactual,2026-12-30,%CDI,0.84,,1000.0,AAA (S&P),Crédito bancário,2026-01-05T21:26:58.385362+00:00
ed8373e323294c028d7c9b6be8e20c6d,CDB,Banco BTG Pactual,2026-12-30,%CDI,1.001,,50.0,AAA (S&P),Liq. diária,2026-01-05T21:26:58.385362+00:00
633e0cb8bd0c4b20bc9085444680fcdb,CDB,Banco BTG Pactual,2026-12-30,%CDI,1.002,,50.0,AAA (S&P),Liq. diária,2026-01-05T21:26:58.385362+00:00
8f3706c43ba842fabe546c0dbce99b50,CDB,Banco BTG Pactual,2026-12-30,%CDI,1.004,,50.0,AAA (S&P),Liq. diária,2026-01-05T21:26:58.385362+00:00
c822c35ff1644e5f84104c5af9e0a027,CDB,Banco BTG Pactual,2026-12-30,%CDI,1.006,,50.0,AAA (S&P),Liq. diária,2026-01-05T21:26:58.385362+00:00
0d0b12149ea14b57b1e48e69a4cecefd,CDB,Banco BTG Pactual,2026-12-30,%CDI,1.0090000000000001,,50.0,AAA (S&P),Liq. diária,2026-01-05T21:26:58.385362+00:00
0300c486dde643c5a97c86eb4b5ae58a,CDB,Banco BTG Pactual,2026-06-30,%CDI,1.001,,50.0,AAA (S&P),Liq. diária,2026-01-05T21:26:58.385362+00:00
c5f96a74263547d5a231695060c48382,CDB,Banco BTG Pactual,2026-06-30,%CDI,1.004,,50.0,AAA (S&P),Liq. diária,2026-01-05T21:26:58.385362+00:00
dcc8207a4f23407495e6122d54572904,CDB,Banco BTG Pactual,2026-06-30,%CDI,1.0090000000000001,,50.0,AAA (S&P),Liq. diária,2026-01-05T21:26:58.385362+00:00
4385edc9349a415cb118a61a7e3a4ecc,CDB,Banco BTG Pactual,2026-06-30,%CDI,1.012,,50.0,AAA (S&P),Liq. diária,2026-01-05T21:26:58.385362+00:00
5625c26c82c94891838367774b81b900,CDB,Banco BTG Pactual,2027-12-30,%CDI,1.0,,50.0,AAA (S&P),Liq. diária,2026-01-05T21:26:58.385362+00:00
e47efed4eeeb48e7a3b08966ccc50ba6,CDB,Banco BTG Pactual,2029-01-02,%CDI,0.995,,50.0,AAA (S&P),Liq. diária,2026-01-05T21:26:58.385362+00:00
51f2cdd5d52e4070869a46f99cda9c87,CDB,Banco BTG Pactual,2026-12-30,%CDI,1.005,,100000000.0,AAA (S&P),Liq. diária,2026-01-05T21:26:58.385362+00:00
c66b1fcda5514b6fa750c6c7dda12059,LCA,Banco BTG Pactual,2026-12-30,%CDI,0.84,,1000.0,AAA (S&P),Liq. diária,2026-01-05T21:26:58.385362+00:00
de485eca0aff4955aab0bcf3edc35260,DPGE,BMG,,CDI,122.0,122% CDI,1000000.0,A FITCH,DPGEs,2026-01-05T21:26:58.385362+00:00
41f41b16c35e42e6addb871993d68e07,DPGE,Fibra,,CDI,120.0,120% CDI,1000000.0,BBB- S&P,DPGEs,2026-01-05T21:26:58.385362+00:00
e4ec93fa1d0e472da098fac6b663ebd4,DPGE,Modal,,CDI,114.0,114% CDI,1000000.0,Baa1 MOODYS,DPGEs,2026-01-05T21:26:58.385362+00:00
9ea09f4d8e2e4ce2af007867e22c5a8e,DPGE,Modal,,CDI,122.0,122% CDI,1000000.0,Baa1 MOODYS,DPGEs,2026-01-05T21:26:58.385362+00:00
2e9c97712fac43f3a6469d46a0b0da41,DPGE,Omni,,CDI+,1.45,CDI + 1.45%,1000000.0,A S&P,DPGEs,2026-01-05T21:26:58.385362+00:00
e2cb0af2aebe4cb4bc49590463f6b06d,NTN-B,Tesouro Nacional,2026-08-15,,0.09880000000000001,,,,Títulos Públicos,2026-01-05T21:26:58.385362+00:00
03076edb3e9f40f3a084704e58570bca,NTN-B,Tesouro Nacional,2027-05-15,,0.0805,,,,Títulos Públicos,2026-01-05T21:26:58.385362+00:00
0bf0747edbc744609358e89465db275a,NTN-B,Tesouro Nacional,2028-08-15,,0.076,,,,Títulos Públicos,2026-01-05T21:26:58.385362+00:00
8b8c0fb2bd394402a94cb374b72bea40,NTN-B,Tesouro Nacional,2029-05-15,,0.0742,,,,Títulos Públicos,2026-01-05T21:26:58.385362+00:00
e75dd716d7ed4db794610d78c3507e17,NTN-B,Tesouro Nacional,2030-08-15,,0.0732,,,,Títulos Públicos,2026-01-05T21:26:58.385362+00:00
ffd15701a76241d28975bf190c599e91,NTN-B,Tesouro Nacional,2032-08-15,,0.0724,,,,Títulos Públicos,2026-01-05T21:26:58.385362+00:00
1adf8100b0df4329acb4c02dcc83dfa0,NTN-B,Tesouro Nacional,2033-05-15,,0.0724,,,,Títulos Públicos,2026-01-05T21:26:58.385362+00:00
244037b907d04a3a9b56cbcec9f9dd18,NTN-B,Tesouro Nacional,2035-05-15,,0.0697,,,,Títulos Públicos,2026-01-05T21:26:58.385362+00:00
0c81cabbe82040a0a7ab56e157636c19,NTN-B,Tesouro Nacional,2040-08-15,,0.0684,,,,Títulos Públicos,2026-01-05T21:26:58.385362+00:00
9add57b4b8274c38b154b6dc1c25afd1,NTN-B,Tesouro Nacional,2045-05-15,,0.0676,,,,Títulos Públicos,2026-01-05T21:26:58.385362+00:00
9640222e8c7b44ceb3345bb82cc95dd3,NTN-B,Tesouro Nacional,2050-08-15,,0.0675,,,,Títulos Públicos,2026-01-05T21:26:58.385362+00:00
1f79684f3dd14edca0f09d3ffb4884ea,NTN-B,Tesouro Nacional,2055-05-15,,0.06709999999999999,,,,Títulos Públicos,2026-01-05T21:26:58.385362+00:00
3d460e5c3c2d4049a70c966ad528012a,NTN-B,Tesouro Nacional,2060-08-15,,0.0674,,,,Títulos Públicos,2026-01-05T21:26:58.385362+00:00
c7d3ace2a0944bb395eb5879c036d99b,LFT,Tesouro Nacional,2026-09-01,,-0.0004,,,,Títulos Públicos,2026-01-05T21:26:58.385362+00:00
0198383766e74222b778ede4a84a5bfc,LFT,Tesouro Nacional,2027-03-01,,-0.0001,,,,Títulos Públicos,2026-01-05T21:26:58.385362+00:00
709dbbae07d84b24a77e7f8fa55c6f9c,LFT,Tesouro Nacional,2027-09-01,,0.0,,,,Títulos Públicos,2026-01-05T21:26:58.385362+00:00
0cccd52b76fd4846b444b8fa9b1c442f,LFT,Tesouro Nacional,2028-03-01,,0.0,,,,Títulos Públicos,2026-01-05T21:26:58.385362+00:00
01cec3274b0941498684e471d8e61ee9,LFT,Tesouro Nacional,2028-09-01,,0.0001,,,,Títulos Públicos,2026-01-05T21:26:58.385362+00:00
ef7830d1a5d9484da39e42a275f5b6bd,LFT,Tesouro Nacional,2029-03-01,,0.0002,,,,Títulos Públicos,2026-01-05T21:26:58.385362+00:00
accb47a55ae346159d29880bf4935e8b,LFT,Tesouro Nacional,2029-09-01,,0.0004,,,,Títulos Públicos,2026-01-05T21:26:58.385362+00:00
00582dbbe1aa412fa1dcbc6770b8abd6,LFT,Tesouro Nacional,2030-03-01,,0.0005,,,,Títulos Públicos,2026-01-05T21:26:58.385362+00:00
9aa04329c0ba4dbe81f93e6ee07b96c9,LFT,Tesouro Nacional,2030-06-01,,0.0005,,,,Títulos Públicos,2026-01-05T21:26:58.385362+00:00
b1f2eb3f5b83403bbc460fad6b3f5a38,LFT,Tesouro Nacional,2030-09-01,,0.0006,,,,Títulos Públicos,2026-01-05T21:26:58.385362+00:00
5d61dc88f5b3406f99b1c44002ce02af,LFT,Tesouro Nacional,2030-12-01,,0.0006,,,,Títulos Públicos,2026-01-05T21:26:58.385362+00:00
acd390a74e164095b326d350a7660f8a,LFT,Tesouro Nacional,2031-03-01,,0.0006,,,,Títulos Públicos,2026-01-05T21:26:58.385362+00:00
d4a6c665f3234fd5a122d275e492c586,LFT,Tesouro Nacional,2031-06-01,,0.0006,,,,Títulos Públicos,2026-01-05T21:26:58.385362+00:00
7d457a70a24843a4913dd1e6dca80957,LFT,Tesouro Nacional,2031-09-01,,0.0006,,,,Títulos Públicos,2026-01-05T21:26:58.385362+00:00
e596edaa766843c597a945dabc19e3d0,LTN,Tesouro Nacional,2026-01-01,,0.1459,,,,Títulos Públicos,2026-01-05T21:26:58.385362+00:00
b2a7ed4120944422af518d85ec0c1e0b,LTN,Tesouro Nacional,2026-04-01,,0.1434,,,,Títulos Públicos,2026-01-05T21:26:58.385362+00:00
53a30f9c9b984f2683915b198b5cc8de,LTN,Tesouro Nacional,2026-07-01,,0.1409,,,,Títulos Públicos,2026-01-05T21:26:58.385362+00:00
845a4b3e083a4e71b02c5798e3e7b863,LTN,Tesouro Nacional,2026-10-01,,0.13720000000000002,,,,Títulos Públicos,2026-01-05T21:26:58.385362+00:00
b61733e15caa4a68aa7ae5b805754bcd,LTN,Tesouro Nacional,2027-04-01,,0.1319,,,,Títulos Públicos,2026-01-05T21:26:58.385362+00:00
18d390211e2043848ae629317e93b0b5,LTN,Tesouro Nacional,2027-07-01,,0.12990000000000002,,,,Títulos Públicos,2026-01-05T21:26:58.385362+00:00
d5566968f4f94450b3432e1c08ca7602,LTN,Tesouro Nacional,2027-10-01,,0.129,,,,Títulos Públicos,2026-01-05T21:26:58.385362+00:00
794ab08411f04da6a528f40cf85145d0,LTN,Tesouro Nacional,2028-01-01,,0.1278,,,,Títulos Públicos,2026-01-05T21:26:58.385362+00:00
66d10ea297cf49aa972cbe754eb85e42,LTN,Tesouro Nacional,2028-07-01,,0.128,,,,Títulos Públicos,2026-01-05T21:26:58.385362+00:00
75aff33072ee4c55ab22e4587a17f36a,LTN,Tesouro Nacional,2029-01-01,,0.1291,,,,Títulos Públicos,2026-01-05T21:26:58.385362+00:00
eca337c0a9df46acb9c01f735d02267a,LTN,Tesouro Nacional,2029-07-01,,0.1304,,,,Títulos Públicos,2026-01-05T21:26:58.385362+00:00
5a165d5203d043e291f1cee94af6e4cd,LTN,Tesouro Nacional,2030-01-01,,0.1311,,,,Títulos Públicos,2026-01-05T21:26:58.385362+00:00
0bd1897c421344a69c3427aa8dd3b27c,LTN,Tesouro Nacional,2032-01-01,,0.1336,,,,Títulos Públicos,2026-01-05T21:26:58.385362+00:00
a2e8890817d04935a0839cee5797babb,NTN-F,Tesouro Nacional,2027-01-01,,0.1338,,,,Títulos Públicos,2026-01-05T21:26:58.385362+00:00
c8e87d5e5f664cbe97c33c6999658e53,NTN-F,Tesouro Nacional,2029-01-01,,0.1292,,,,Títulos Públicos,2026-01-05T21:26:58.385362+00:00
6f07148d6d8d4f44a7081b6365bbb1a6,NTN-F,Tesouro Nacional,2031-01-01,,0.1326,,,,Títulos Públicos,2026-01-05T21:26:58.385362+00:00
56056a76711c438389332582bb31acdb,NTN-F,Tesouro Nacional,2033-01-01,,0.1341,,,,Títulos Públicos,2026-01-05T21:26:58.385362+00:00
20468871df434d4cba3b4ede1b5ce83c,NTN-F,Tesouro Nacional,2035-01-01,,0.13369999999999999,,,,Títulos Públicos,2026-01-05T21:26:58.385362+00:00
